NU_INSCRICAO;NU_ANO;TP_FAIXA_ETARIA;TP_SEXO;TP_ESTADO_CIVIL;TP_COR_RACA;TP_NACIONALIDADE;TP_ST_CONCLUSAO;TP_ANO_CONCLUIU;TP_ESCOLA;TP_ENSINO;IN_TREINEIRO;CO_MUNICIPIO_ESC;NO_MUNICIPIO_ESC;CO_UF_ESC;SG_UF_ESC;TP_DEPENDENCIA_ADM_ESC;TP_LOCALIZACAO_ESC;TP_SIT_FUNC_ESC;CO_MUNICIPIO_PROVA;NO_MUNICIPIO_PROVA;CO_UF_PROVA;SG_UF_PROVA;TP_PRESENCA_CN;TP_PRESENCA_CH;TP_PRESENCA_LC;TP_PRESENCA_MT;CO_PROVA_CN;CO_PROVA_CH;CO_PROVA_LC;CO_PROVA_MT;NU_NOTA_CN;NU_NOTA_CH;NU_NOTA_LC;NU_NOTA_MT;TX_RESPOSTAS_CN;TX_RESPOSTAS_CH;TX_RESPOSTAS_LC;TX_RESPOSTAS_MT;TP_LINGUA;TX_GABARITO_CN;TX_GABARITO_CH;TX_GABARITO_LC;TX_GABARITO_MT;TP_STATUS_REDACAO;NU_NOTA_COMP1;NU_NOTA_COMP2;NU_NOTA_COMP3;NU_NOTA_COMP4;NU_NOTA_COMP5;NU_NOTA_REDACAO;Q001;Q002;Q003;Q004;Q005;Q006;Q007;Q008;Q009;Q010;Q011;Q012;Q013;Q014;Q015;Q016;Q017;Q018;Q019;Q020;Q021;Q022;Q023;Q024;Q025
200006271946;2020;11;F;1;2;1;1;11;1;;0;;;;;;;;1501402;Bel�m;15;PA;0;0;0;0;;;;;;;;;;;;;1;;;;;;;;;;;;;;;;;;;;;;;;;;;;;;;;;;;;
200001195856;2020;11;M;2;3;1;1;11;1;;0;;;;;;;;2408102;Natal;24;RN;1;1;1;1;702;689;693;698;604.1;661.7;595.3;711.3;BCBDBDCCCDBDDBADEEACEEAECBECCDBCACDEBEECEBAAE;BCAECABCDCEBDBBBDAABABACBCDDDBDDBABDAADACACBC;99999CADDEDADBAABEAADAAAADCADAABDCCBEECAEECAACBBEB;EBEBDEDAECBADCADDABACAEDBEEEAEADCCBCEACDACEBB;1;ABBACBCCCDDDDBAEEBECEDACABDCBEDAECDABECCBBADE;BCEECDBCCDEBDBBBBEAAAEACBCDDDBDDBABDABDDBAABC;99999CBDDEDBDBACECABAAAEAECCDCABCBBBBEEDCECAAEBDEB;BBEADECAECBBXCEBADBACAEDACEDADAADCBCCBBDABBEE;1;120;120;120;120;100;580;;;;;;;;;;;;;;;;;;;;;;;;;
200001943954;2020;4;F;2;3;2;2;0;2;1;0;2927408;Salvador;29;BA;2;1;1;2927408;Salvador;29;BA;0;0;0;0;;;;;;;;;;;;;0;;;;;;;;;;;;B;C;A;D;3;B;A;B;A;A;A;B;A;B;A;B;A;A;B;A;A;A;A;A;A
200001908998;2020;2;M;1;3;1;2;0;2;1;0;3547304;Santana de Parna�ba;35;SP;3;1;1;3547304;Santana de Parna�ba;35;SP;1;1;1;1;700;688;692;696;620.8;675;624.2;759.4;EBEDCCCDCBDBAECAECCECEACCBAABBBCEABCAAAEBEBAE;DABCCACCBCCDCADBDCBAAEBDDBAABDBAEBEBBABDABDBE;DCEAB99999AADAECCEBCDDDCBABDDABBCEEBAEDDDADEBECEDB;CBDBDCCDDEECBAABBBADEDEDBECDEBBADAEBAABBECBBA;0;BDECCACBEBDEAEDAECCBAEABCCEADDBBCADCBDDEBDBAC;DABCCAECBABECADBDCCABDBCDDAABDBAEBEBBDBDDBDBE;DCEAD99999AADACCCCBBDDCABAECAABBEECBAEDDBBEEBECEAB;EBDBXCCDAEECBAABABAEDDEDAECBCDCADEEBBABBACBCA;1;140;200;140;120;160;760;;;;;;;;;;;;;;;;;;;;;;;;;
200001634757;2020;4;F;1;3;2;1;1;1;;0;;;;;;;;3121605;Diamantina;31;MG;0;0;0;0;;;;;;;;;;;;;1;;;;;;;;;;;;B;G;B;B;3;B;A;B;D;A;A;B;A;B;A;A;A;A;B;A;B;B;A;A;B
200003132410;2020;3;F;1;3;1;1;1;1;;0;;;;;;;;4305207;Cerro Largo;43;RS;1;1;1;1;598;567;577;588;498.1;604.7;505.4;526.7;CABBEEACAEBEBCCDACBEDADDCCBECDCBDADDEBDBDACAB;ACEBBDDCADDAACEEAAEBDBDCCDACCDEDCDACADBBBECDD;99999CBECEBEDBEECEABBADCDDADCADAAECDEBAAADEBADADBC;BADCAAAEEDBEDBACEDBACCDBABDECCDDCCAEAACEDACCB;1;CEDBDDDCACCBDAEBADCBDCDXAAECEDDDECDDCBDDAEDCC;DABCBDDDAEDBECECBBEDEBDEECBCCCBACDCCADEBDECDD;AAEDCACEEECEAACBAEBBEDACDBAADADDEBBEBAAADEACAAADBB;AEBCCXCCCACCDABCCABCABCBAECEDBBDBEEEDBBACCDAC;1;140;120;140;140;160;700;C;B;C;B;5;C;A;B;E;A;A;B;A;A;A;B;A;A;B;B;A;D;A;B;B
200001379770;2020;9;M;1;3;1;1;6;1;;0;;;;;;;;2611606;Recife;26;PE;0;0;0;0;;;;;;;;;;;;;0;;;;;;;;;;;;;;;;;;;;;;;;;;;;;;;;;;;;
200001334237;2020;4;M;1;1;1;1;1;1;;0;;;;;;;;3550308;S�o Paulo;35;SP;1;1;1;1;699;687;691;695;604.6;604.8;562.1;753.2;CECACBBCADACADDEEBDBCBAEEEEBDADABDCEEDDCCDCBC;EAADABBEABCADDBAAEDBCABDABAACAEAEEABECBBADEDB;CADDE99999AEEADBAAABEEECEEDADACBDECABEBEADBCCBAAAA;BABADDBDAEBAEBBBEEDEEECBCEBBDACCEABDCCBADDCCE;0;DEAAECBBCDCBAEBEEBDBCCACECCDACDABDDBADDECBEBA;EAAADBBEDBDACDBCCDEBDBBCBBADCAECDBABDBCBADEDB;CADDE99999DEBBBBBAADBECBEACCBECEDAEABEECBDCCADAACA;BABBDABAEEBACBACDEDEEXCACEBBADCBEABADCBADDCCE;1;140;120;120;120;100;600;;;;;;;;;;;;;;;;;;;;;;;;;
200006762554;2020;5;F;2;3;1;1;3;1;;0;;;;;;;;2507507;Jo�o Pessoa;25;PB;1;1;1;1;598;567;577;588;439.7;383.5;486.2;448.5;DABCDCAEDEDCBEDCDACDDAEBDCEECCDCEECDABDABECAC;ECCAEAEACDDABCBDABEADBABACADABACDDEECBACCDAEC;99999DDCBBABECCACCBBCDACCCAAAADDEAADBBAEECEDEAEDBA;EEDCCEACEBAAAADCDCCABCAEBBEBABDDCCABDEADEDECB;1;CEDBDDDCACCBDAEBADCBDCDXAAECEDDDECDDCBDDAEDCC;DABCBDDDAEDBECECBBEDEBDEECBCCCBACDCCADEBDECDD;AAEDCACEEECEAACBAEBBEDACDBAADADDEBBEBAAADEACAAADBB;AEBCCXCCCACCDABCCABCABCBAECEDBBDBEEEDBBACCDAC;1;120;120;120;140;100;600;B;C;C;B;2;B;A;B;C;A;A;B;A;B;A;A;A;A;B;A;A;C;A;A;A
200005146210;2020;2;M;1;2;1;2;0;2;1;0;;;;;;;;2304400;Fortaleza;23;CE;0;0;0;0;;;;;;;;;;;;;0;;;;;;;;;;;;A;A;B;A;4;B;A;B;B;A;A;B;A;A;A;A;A;A;B;A;A;A;A;A;B
200004902048;2020;6;M;1;1;1;1;3;1;;0;;;;;;;;3550308;S�o Paulo;35;SP;0;0;0;0;;;;;;;;;;;;;0;;;;;;;;;;;;B;B;B;B;7;B;A;B;C;A;A;B;A;A;A;B;A;A;B;A;A;C;B;B;B
200006138472;2020;7;M;1;1;1;1;0;1;;0;;;;;;;;2910727;Eun�polis;29;BA;1;1;1;1;598;567;577;588;491.1;631.4;627.9;546.5;BAEACEDBACDDEDECEDCEDBCDECBAECDBEDADBCDACBDDC;CDEABDDDABDBEABCAEECEBDEACACCCEDDDCBAAECDECDD;AACDC99999ABDBEDAEEBEDACDAEAEADDEABEBADADEDCCEADBC;EBCDBEBABDBBDABCBCDDBBEBACEECDBDBCDDBEEDBDDBC;0;CEDBDDDCACCBDAEBADCBDCDXAAECEDDDECDDCBDDAEDCC;DABCBDDDAEDBECECBBEDEBDEECBCCCBACDCCADEBDECDD;AAEDCACEEECEAACBAEBBEDACDBAADADDEBBEBAAADEACAAADBB;AEBCCXCCCACCDABCCABCABCBAECEDBBDBEEEDBBACCDAC;1;140;120;140;120;120;640;B;C;C;B;5;B;A;B;C;A;A;B;A;A;A;A;B;A;B;A;A;C;A;B;B
200005613689;2020;3;F;1;3;1;1;1;1;;0;;;;;;;;5008305;Tr�s Lagoas;50;MS;0;0;0;0;;;;;;;;;;;;;0;;;;;;;;;;;;D;E;A;A;3;B;A;B;C;A;A;B;A;A;A;A;A;A;A;A;A;C;A;A;A
200004833505;2020;11;F;2;2;1;1;12;1;;0;;;;;;;;3547809;Santo Andr�;35;SP;0;0;0;0;;;;;;;;;;;;;1;;;;;;;;;;;;;;;;;;;;;;;;;;;;;;;;;;;;
200004570764;2020;11;M;1;2;1;1;0;1;;0;;;;;;;;2604007;Carpina;26;PE;0;0;0;0;;;;;;;;;;;;;1;;;;;;;;;;;;H;B;F;B;3;B;A;C;D;A;A;B;A;A;A;A;A;A;B;A;A;B;A;B;B
200001071590;2020;5;F;1;3;1;1;0;1;;0;;;;;;;;2800308;Aracaju;28;SE;0;0;0;0;;;;;;;;;;;;;1;;;;;;;;;;;;;;;;;;;;;;;;;;;;;;;;;;;;
200001934470;2020;7;F;1;3;1;1;4;1;;0;;;;;;;;2933307;Vit�ria da Conquista;29;BA;0;0;0;0;;;;;;;;;;;;;1;;;;;;;;;;;;A;B;F;F;3;B;A;B;C;A;A;B;B;A;A;A;A;A;B;A;A;C;A;B;B
200006066678;2020;4;M;1;1;1;1;1;1;;0;;;;;;;;4106902;Curitiba;41;PR;0;0;0;0;;;;;;;;;;;;;0;;;;;;;;;;;;;;;;;;;;;;;;;;;;;;;;;;;;
200003343448;2020;7;F;1;3;1;1;3;1;;0;;;;;;;;2704302;Macei�;27;AL;1;1;1;1;597;569;580;587;422.4;488.1;559.1;420.3;BDCEDABCECACBDCBBDACECBBDAEACECABACACBCDEDAEE;CAEADAEEDEDBDDCABEDEBDDDABBBECDBADBBDEADBCEBB;CADAA99999ABCBEBDCCABADBDEEDAECAADEEDDEADEADABCBDA;BBCCDBEADABBE*CEDADEAADCBEBEADCEDAEDACBADACEB;0;DDBACBDDDECDAEDCCCEDBDDCBDDCAAECEDDACCBAEDCDX;DECCADEBDECBBECDDCBACDBDEEDABCDDAEDBECECBCCBD;DCEAAEEEACAACBBEBEBAAADBBAEBCEDBAADADDEADEBDACCAAA;DABCCAEDBBCCCABCACCBDXCCCBEEEDBBACCDACBAEBAEC;1;140;180;140;160;180;800;C;C;C;B;2;B;A;B;C;A;A;B;A;A;A;A;A;A;B;B;A;C;A;B;B
200005966328;2020;13;M;1;2;1;1;0;1;;0;;;;;;;;1501402;Bel�m;15;PA;1;1;1;1;600;570;579;589;486;503.3;439.8;405.6;DBEBBBCCDCBCAEBAEDCBDBDDADACDEABDADCDCCEDBBAD;BABAEABBEDBDCDBBECEDAACCAADECACCDDCBECECACABC;99999EAADBDAABCBDCBAAACACAACABBAAADCAAECBBDBCEBDBD;BBAADDCCEABAAEBBAAAEDEDDCEECBBECBADCBDDEBEAAE;1;DCDXDCCAEBADCBAAEACCBCEDDCBDDDAEDDCDECCEDBDDD;BDDBECECBACDBDEEBDEDDAECDDCCADECBCCCBBEDABCDE;AACDEEEECADBBCAAADBADEABEBAAADEBADADAEBDACAACBBECE;BAECDBBXCCCBDBACCDBEEEBCCAABCCACEACCEDBCABCDA;1;100;100;120;100;80;500;C;D;C;C;5;D;A;C;C;A;A;B;A;A;A;A;A;A;B;B;A;C;A;A;A
200002523760;2020;10;M;1;3;1;1;8;1;;0;;;;;;;;1300706;Boca do Acre;13;AM;0;0;0;0;;;;;;;;;;;;;1;;;;;;;;;;;;H;E;F;F;5;C;A;C;D;B;A;B;A;B;A;B;A;A;C;A;A;D;A;A;B
200006589374;2020;5;M;1;1;1;1;1;1;;0;;;;;;;;3518800;Guarulhos;35;SP;0;0;0;0;;;;;;;;;;;;;0;;;;;;;;;;;;B;B;A;B;5;B;A;C;C;A;A;B;A;B;A;B;A;A;C;A;A;E;A;B;B
200006659163;2020;6;F;1;3;1;1;3;1;;0;;;;;;;;1706100;Cristal�ndia;17;TO;1;1;1;1;600;570;579;589;660.6;667.2;593.6;746.4;DCDADDCDEBADDBCAAACBCCCDCCCDDEAEDDBAEBCADBDDD;BDDBECDACACDCDEDBDEDDCECDDCAADACBCCCABECAACDA;99999EEBBADBCBEAAEDEDEDCEBACADEAADDCDCCDBCEBBBBECE;BAECBCBBDCDBDBACDDBEEEDCCAACDDADBADCCBECABDCA;1;DCDXDCCAEBADCBAAEACCBCEDDCBDDDAEDDCDECCEDBDDD;BDDBECECBACDBDEEBDEDDAECDDCCADECBCCCBBEDABCDE;AACDEEEECADBBCAAADBADEABEBAAADEBADADAEBDACAACBBECE;BAECDBBXCCCBDBACCDBEEEBCCAABCCACEACCEDBCABCDA;1;160;200;180;200;180;920;E;E;D;D;2;B;A;B;C;A;A;B;A;B;A;A;A;A;B;A;A;C;A;B;A
200002797471;2020;6;F;1;3;1;1;4;1;;0;;;;;;;;2305506;Iguatu;23;CE;0;1;1;0;;569;580;;;398.3;336.5;;;DCABADCBACDAEDCDEACDAAABCDEDABDABEDABCEEBDACA;99999BADACBADEABBACDDCACDBADDBAEDACDDBABCDECCBACDA;;1;;DECCADEBDECBBECDDCBACDBDEEDABCDDAEDBECECBCCBD;DCEAAEEEACAACBBEBEBAAADBBAEBCEDBAADADDEADEBDACCAAA;;1;100;120;120;100;80;520;A;B;A;A;3;B;A;B;C;B;B;B;A;A;A;A;A;A;B;B;A;C;A;A;A
200005044037;2020;5;F;2;2;1;1;2;1;;0;;;;;;;;3507605;Bragan�a Paulista;35;SP;1;1;1;1;600;570;579;589;488;588.9;525.9;542.8;DCCBCAEACBBCDBADAEEBACCDECACCAACEADDDAEAABEED;BDDADABCDACDEACEBBEADADCDBEBADDCEAEBAABEDCADE;DACCD99999DBCCAEACAADABDBCECADEAADCDBEEEEBDAEEBDAB;BDACDDCEBEEAEAABBEBBAEDDDAAACACCDEDAEADCBBABA;0;DCDXDCCAEBADCBAAEACCBCEDDCBDDDAEDDCDECCEDBDDD;BDDBECECBACDBDEEBDEDDAECDDCCADECBCCCBBEDABCDE;AACDEEEECADBBCAAADBADEABEBAAADEBADADAEBDACAACBBECE;BAECDBBXCCCBDBACCDBEEEBCCAABCCACEACCEDBCABCDA;1;120;160;120;140;160;700;B;D;D;D;2;A;A;B;B;A;A;B;A;B;A;A;A;A;A;A;A;C;A;A;B
200001994876;2020;10;F;1;2;2;2;0;2;1;0;2910800;Feira de Santana;29;BA;2;1;1;2910800;Feira de Santana;29;BA;0;0;0;0;;;;;;;;;;;;;0;;;;;;;;;;;;;;;;;;;;;;;;;;;;;;;;;;;;
200006735848;2020;10;F;1;2;1;1;9;1;;0;;;;;;;;2927408;Salvador;29;BA;1;1;1;1;599;568;578;590;394.4;436.2;508.3;561.6;BABDAACDEEAEBDCAEBDCBBCEDDCCDAECDBBEAEEBEEEBD;BBACAECDDEACCBDEBBABDEECEEDBDBDCAADCCBCDAADBB;99999EDDDABEBCECDCAEBBACAEEDEAABADEBDBDEDECDAEEBBA;BABADCABEECABEDEBAAEDACCEBBDBDDECCCCBCACCEABC;1;CBDDDDCAAECEDDCEDBDDAEDECAEDCCDDDCBDCDXBAACCB;BDECBCCDEDDAEBDCDDCBBEDABCCBACDBDEECCADEDBECE;CDEAACAEEEBEBADADAAAAACBAEBDEADACDBBDBACECAAADEBBE;CABCAACCACDABEEEBAECXCCCEEDBACCDBCCABBCCBDDBB;1;120;80;60;120;140;520;C;C;A;B;5;C;A;B;C;A;A;B;B;A;A;B;A;A;B;B;A;E;A;B;B
200001346535;2020;12;F;1;3;1;1;14;1;;0;;;;;;;;2927408;Salvador;29;BA;1;1;1;1;600;570;579;589;545.6;591.2;543;596.5;EACEDDCEDDBDAACADECCDCEDDCEDCEBECECDCDDEEBDED;BDDDCE*CBDCDACBDDBADAAACDDBBADCCCCBACDBCEACDA;99999EECACDACCABBCDDDEDBEBAEADEADEDDBCCDDABCDBBABC;EDBABDBCCECAACDCDDEEBDCCED.CBCCBDACAEDBCABCBA;1;DCDXDCCAEBADCBAAEACCBCEDDCBDDDAEDDCDECCEDBDDD;BDDBECECBACDBDEEBDEDDAECDDCCADECBCCCBBEDABCDE;AACDEEEECADBBCAAADBADEABEBAAADEBADADAEBDACAACBBECE;BAECDBBXCCCBDBACCDBEEEBCCAABCCACEACCEDBCABCDA;1;100;120;120;120;120;580;D;D;B;B;3;B;A;C;D;B;A;B;B;A;A;B;A;B;C;B;B;D;A;B;B
200002713413;2020;11;M;1;3;1;1;11;1;;0;;;;;;;;4106902;Curitiba;41;PR;0;0;0;0;;;;;;;;;;;;;1;;;;;;;;;;;;F;E;C;C;1;C;A;B;B;A;A;B;A;B;A;B;A;A;B;A;A;B;A;B;B
200003251511;2020;6;F;1;1;1;1;4;1;;0;;;;;;;;2308708;Morada Nova;23;CE;1;1;1;1;598;567;577;588;535.8;598;546.1;664.9;CAEAACACAEBCEBCCEDBEDAEAACECCDBCEADDECACACBDC;CBAABDDAAADAECECAAADEADCBCACCDBDBDCCBDCADBCBD;99999ACBDEAADBCBAAABDDECDAAEEBDABCACBECAAEACACADEC;AEEEEABABCABDACCBABCBDCBDBCACAEDCAEEBBBACDEDB;1;CEDBDDDCACCBDAEBADCBDCDXAAECEDDDECDDCBDDAEDCC;DABCBDDDAEDBECECBBEDEBDEECBCCCBACDCCADEBDECDD;AAEDCACEEECEAACBAEBBEDACDBAADADDEBBEBAAADEACAAADBB;AEBCCXCCCACCDABCCABCABCBAECEDBBDBEEEDBBACCDAC;1;160;120;160;180;120;740;B;B;A;A;3;B;A;C;D;A;B;B;A;B;A;A;A;A;B;A;A;C;A;B;B
200003315528;2020;7;F;1;2;1;1;0;1;;0;;;;;;;;3170206;Uberl�ndia;31;MG;0;0;0;0;;;;;;;;;;;;;1;;;;;;;;;;;;;;;;;;;;;;;;;;;;;;;;;;;;
200001086897;2020;11;F;1;2;1;1;6;1;;0;;;;;;;;2927408;Salvador;29;BA;0;1;1;0;;570;579;;;475.1;553.4;;;BDDBEEDCBDCDCCADADEBDBEBDABDBAAEDCBACBCBAEDAB;AACCB99999DBCCEDADCAAEBAEBACAEEAEEDDCDAADBDCDEBBCD;;0;;BDDBECECBACDBDEEBDEDDAECDDCCADECBCCCBBEDABCDE;AACDEEEECADBBCAAADBADEABEBAAADEBADADAEBDACAACBBECE;;1;120;120;100;100;80;520;E;E;D;B;3;B;A;B;D;A;A;B;A;A;A;A;A;A;C;A;A;C;A;A;B
200002349384;2020;7;M;1;2;1;1;4;1;;0;;;;;;;;2927408;Salvador;29;BA;0;1;1;0;;687;691;;;463.7;477.9;;;EACEDCBADECDBDCAECBECDAEDCAEDAEBDADBEBADBEBDD;CADCA99999CEBDAEBADDAEEADBECEBAEDBEACBEACBEABDBCAD;;0;;EAAADBBEDBDACDBCCDEBDBBCBBADCAECDBABDBCBADEDB;CADDE99999DEBBBBBAADBECBEACCBECEDAEABEECBDCCADAACA;;1;140;120;120;160;160;700;;;;;;;;;;;;;;;;;;;;;;;;;
200001699039;2020;12;F;1;2;1;1;12;1;;0;;;;;;;;3301009;Campos dos Goytacazes;33;RJ;0;0;0;0;;;;;;;;;;;;;1;;;;;;;;;;;;A;B;A;B;1;B;A;B;B;A;A;B;A;A;A;A;A;A;B;A;A;B;A;B;A
200002154624;2020;7;F;0;3;1;1;5;1;;0;;;;;;;;2611101;Petrolina;26;PE;0;0;0;0;;;;;;;;;;;;;0;;;;;;;;;;;;;;;;;;;;;;;;;;;;;;;;;;;;
200005550767;2020;2;F;1;1;1;3;0;1;;1;;;;;;;;3550308;S�o Paulo;35;SP;0;0;0;0;;;;;;;;;;;;;0;;;;;;;;;;;;E;E;B;B;3;D;A;B;C;B;A;B;B;B;A;B;A;B;D;A;B;D;B;B;B
200003209996;2020;3;F;1;3;1;2;0;2;1;0;1302009;Itapiranga;13;AM;2;1;1;1304005;Silves;13;AM;1;1;1;1;677;649;660;667;486.9;509.7;532.3;433.9;DDAAADBCBAADDDBDCACAEDDDBDCEBADCBBEDCACDAEACB;CBEEDBEBBEDBCDCDCCABBAECBBDCAAAAEAECBABBBABBD;99999DDADDDDEBBCAEEAAEBCADCAAAECCCAECAEEDBAAAAEDDD;CBEEDDABDCBDDAACACBAACEACBADBEBAEDACDADEAAACA;1;DBDACXDBEAAADECECACEACCCDBEEBECCABEADCCEDEABD;CDEEAEDCDEDCDDBDBCEECBAABACAABEAEECDDCBAEABCE;EEABEEDADDDDCEBEBEAAADBDBCCCCABCEDAEBAEEECDBDAADEA;CDBEAAECBADABCCAEBDBBADEDDBBCEAEBBADCEECADADE;1;120;120;120;140;120;620;E;E;A;A;4;B;A;B;C;A;B;B;A;A;A;A;A;A;B;A;B;D;B;A;A
200003154344;2020;5;F;1;3;1;1;3;1;;0;;;;;;;;3530607;Mogi das Cruzes;35;SP;1;1;1;1;600;570;579;589;378.1;537.4;549.2;441.8;BAAACACBDEAACEECEDEBDCEECAACBBACCAEDADCABECCA;BAACEACCBABDAECACEDCCAACDDAACDCCCECEBCDEDDCDA;EACAD99999DBDCDCADBADEBDCBACABEBDAADAAAABECEDABDEC;BEDEBEBAACDCEBBEDCAEABCABCDCEECBEDEAEBAADEDBB;0;DCDXDCCAEBADCBAAEACCBCEDDCBDDDAEDDCDECCEDBDDD;BDDBECECBACDBDEEBDEDDAECDDCCADECBCCCBBEDABCDE;AACDEEEECADBBCAAADBADEABEBAAADEBADADAEBDACAACBBECE;BAECDBBXCCCBDBACCDBEEEBCCAABCCACEACCEDBCABCDA;1;120;120;120;120;120;600;B;B;B;B;4;C;A;B;C;A;A;B;A;A;A;B;A;A;B;A;B;B;A;B;B
200005914772;2020;4;F;1;3;1;1;2;1;;0;;;;;;;;2504009;Campina Grande;25;PB;0;0;0;0;;;;;;;;;;;;;1;;;;;;;;;;;;D;C;C;A;5;B;A;B;D;A;A;B;A;A;A;B;A;A;B;A;A;C;A;B;B
200006314268;2020;13;F;2;3;1;1;0;1;;0;;;;;;;;3509502;Campinas;35;SP;1;1;1;1;598;567;577;588;459.3;500.2;579.7;492;DEECDDABAEADDEABDDBDBAECBCEACEBBBDDDECDCACCAD;ADACDAAEAABABAEAACBDEDCCDCAEBCEDCDCCBABCBACBB;99999AAEDDACCACCACABEDBBDAEEEADDEBACBEEADEECADADBA;ADABCBCEACBBCADCBACCBEEBCBABBBCCCCCCCBCCCDCCC;1;CEDBDDDCACCBDAEBADCBDCDXAAECEDDDECDDCBDDAEDCC;DABCBDDDAEDBECECBBEDEBDEECBCCCBACDCCADEBDECDD;AAEDCACEEECEAACBAEBBEDACDBAADADDEBBEBAAADEACAAADBB;AEBCCXCCCACCDABCCABCABCBAECEDBBDBEEEDBBACCDAC;7;0;0;0;0;0;0;E;E;F;F;4;D;A;B;B;A;A;B;A;A;A;A;A;A;B;A;A;C;A;A;A
200002794061;2020;6;F;1;3;1;1;0;1;;0;;;;;;;;2800308;Aracaju;28;SE;1;1;1;1;701;690;694;697;514.8;482.4;565;496.7;AEEBADDCBAACCCBBBBBCCEEBCDEBCABBCABCCEBDDBCBE;DBDDCDBEDBADCDADBBDBDCBDCBDDABDEACBBEBDBEDDDA;EDCEA99999CCEADBDEEBBADEDADCCAECDCCEECCBBCCBDCCDAD;EBDBCCBECBECCBDDCBDBDAEBDAADDDDBDBBADDBEBADBA;0;ABCEBABCDACCDBBCDABDBEEEBECACCCDAEDBCEADDAEBD;DBADDCDEEBCABDAEBBBCDABDCBBAAECBEDCBADBBDBDAC;EDCDA99999CBEABBDEEDBBDEEAACCAACCABBECCDCBBEDAAEAB;DABDBAABBEABDBCCCECADCBAEBACEXBDECEEADCDBAABE;1;120;200;120;120;160;720;;;;;;;;;;;;;;;;;;;;;;;;;
200005867610;2020;2;F;0;0;1;3;0;1;;1;;;;;;;;2805703;Propri�;28;SE;1;1;1;1;600;570;579;589;503.4;448.4;432.7;397;ABEECEBBEDAEBBAADEDBDCCCACBDAEBEDCDBEDCABADDC;ACDECBCBACDEDDADBEDACAEBEDECADEDACDEEAABBECDE;DACEC99999DACACEDECEEBEBECDCABDADADDEEBDBADBBCCAED;CDCEBEABCEBCEDBDDCDCEBBDBEBCEABCEDCBCECDADECD;0;DCDXDCCAEBADCBAAEACCBCEDDCBDDDAEDDCDECCEDBDDD;BDDBECECBACDBDEEBDEDDAECDDCCADECBCCCBBEDABCDE;AACDEEEECADBBCAAADBADEABEBAAADEBADADAEBDACAACBBECE;BAECDBBXCCCBDBACCDBEEEBCCAABCCACEACCEDBCABCDA;1;100;120;120;100;60;500;B;D;B;B;3;B;A;B;B;A;A;A;A;A;A;A;A;A;A;A;A;B;A;A;A
200006187506;2020;11;M;1;1;1;1;0;1;;0;;;;;;;;3507506;Botucatu;35;SP;0;0;0;0;;;;;;;;;;;;;0;;;;;;;;;;;;B;B;A;A;2;B;A;B;D;A;A;B;B;B;B;B;A;A;B;A;A;C;A;B;B
200005105757;2020;3;F;1;3;1;1;1;1;;0;;;;;;;;3157807;Santa Luzia;31;MG;1;1;1;1;600;570;579;589;519.5;554.1;586.4;582.1;DBCDCBCDCDBDEEADAEEADCADCEDCACAECDCBAACAEAAED;BDBAAEBCDDEDBBEDEBBDDCACDDEDADCCACCBACEEDACAE;99999AEBDCDBCBAEBDDADCDDEBCEADCBEEEDAEADACAEBBBEAE;BAEEAEDDAADEDBBDCDCACECCA*BBBDDBDDBCEEAACDBBA;1;DCDXDCCAEBADCBAAEACCBCEDDCBDDDAEDDCDECCEDBDDD;BDDBECECBACDBDEEBDEDDAECDDCCADECBCCCBBEDABCDE;AACDEEEECADBBCAAADBADEABEBAAADEBADADAEBDACAACBBECE;BAECDBBXCCCBDBACCDBEEEBCCAABCCACEACCEDBCABCDA;1;100;120;120;100;100;540;E;D;C;B;4;D;A;B;C;A;A;B;B;A;B;B;A;A;C;A;B;D;A;A;B
200004415977;2020;11;M;1;3;1;1;0;1;;0;;;;;;;;3515004;Embu das Artes;35;SP;1;1;1;1;600;570;579;589;526.8;545.2;572.7;533.9;DAECDDCECEEDCDABAAECBAEADBADBBEDDDECEBEECEADD;BDBEAEEDEDCDBECDEBADCAACECCCDBCCADCCBCBECBEAE;ADAAC99999DBBCAACDBADEAADBAEADEADCCDDEDDAADBBEBDCA;BDBEBBBCBCABCDCCEDACCECADDECACEAEDBDCDCABBDCA;0;DCDXDCCAEBADCBAAEACCBCEDDCBDDDAEDDCDECCEDBDDD;BDDBECECBACDBDEEBDEDDAECDDCCADECBCCCBBEDABCDE;AACDEEEECADBBCAAADBADEABEBAAADEBADADAEBDACAACBBECE;BAECDBBXCCCBDBACCDBEEEBCCAABCCACEACCEDBCABCDA;1;120;120;120;120;140;620;D;E;C;B;1;C;A;B;B;A;A;B;B;B;A;A;A;A;B;A;B;B;A;A;B
200006140756;2020;12;F;0;3;1;4;0;1;;0;;;;;;;;3106200;Belo Horizonte;31;MG;0;0;0;0;;;;;;;;;;;;;0;;;;;;;;;;;;E;E;C;B;2;A;A;B;B;A;A;B;A;A;A;A;A;A;B;A;A;B;A;A;B
200006066398;2020;4;F;1;3;1;1;1;1;;0;;;;;;;;4314902;Porto Alegre;43;RS;1;1;1;1;597;569;580;587;469.9;497;541.7;461.1;DCEDADDDDCCAADDACDAEBDEDEBCECBACECBDBACBBDBBC;CEAACBDBDBEADBCEBBBAEDADDDACDEADADCABABCDEBDB;99999EBEDCCAAABEBEBBCEDBDAEEBECCBCDADACDDDAEEDCACA;DACEDEDEBCBEDCDABBBEEAAEDBCEEBBEDADDAACDEDBDC;1;DDBACBDDDECDAEDCCCEDBDDCBDDCAAECEDDACCBAEDCDX;DECCADEBDECBBECDDCBACDBDEEDABCDDAEDBECECBCCBD;DCEAAEEEACAACBBEBEBAAADBBAEBCEDBAADADDEADEBDACCAAA;DABCCAEDBBCCCABCACCBDXCCCBEEEDBBACCDACBAEBAEC;1;120;120;100;100;100;540;D;C;B;B;6;A;A;B;C;A;A;B;B;B;A;A;A;A;B;A;A;D;A;A;B
200005885744;2020;6;F;1;3;1;1;5;1;;0;;;;;;;;2933307;Vit�ria da Conquista;29;BA;1;1;1;1;599;568;578;590;641.3;684.5;626.6;724.2;CEDCEDCAEBCADECADBBDAEEBCAEDEEDDDEBDCEDBEACEB;BDECACCDEDDABBDCDDCAEADAACCEACDADAEAAADDDBECE;CDDAD99999DCBAEEDACADACBDEADEDDBCDBCDAACECADADECBD;CDDBADCCDDDABEEEBAECBAEAEAABACCDECEEBAADDDDCB;0;CBDDDDCAAECEDDCEDBDDAEDECAEDCCDDDCBDCDXBAACCB;BDECBCCDEDDAEBDCDDCBBEDABCCBACDBDEECCADEDBECE;CDEAACAEEEBEBADADAAAAACBAEBDEADACDBBDBACECAAADEBBE;CABCAACCACDABEEEBAECXCCCEEDBACCDBCCABBCCBDDBB;1;160;200;200;200;200;960;E;C;B;B;4;B;A;B;C;A;A;B;B;A;A;A;A;A;B;A;A;D;A;B;B
200003852394;2020;11;F;1;3;1;1;9;1;;0;;;;;;;;3152105;Ponte Nova;31;MG;0;0;0;0;;;;;;;;;;;;;0;;;;;;;;;;;;B;B;F;B;2;A;A;B;C;A;A;B;A;A;A;A;A;A;B;A;A;C;A;A;B
200003367310;2020;3;F;1;1;1;1;1;1;;0;;;;;;;;2304400;Fortaleza;23;CE;1;1;1;1;599;568;578;590;379.8;434.8;512.9;455.2;ACBECEBCAAEDCDEABABECDADCBAEADCDCBEBAEABAAEDD;AEACADCAAEABCBECADCABAABCCCDDEBABCDCEBACBBBAE;ADAEA99999ABBEACDACACEAEBEADEBAAADBDDAAABCACE*EACA;BBEBEAAACBBACCEBBABEDAECBABECEBDEDEDBADBCEAAE;0;CBDDDDCAAECEDDCEDBDDAEDECAEDCCDDDCBDCDXBAACCB;BDECBCCDEDDAEBDCDDCBBEDABCCBACDBDEECCADEDBECE;CDEAACAEEEBEBADADAAAAACBAEBDEADACDBBDBACECAAADEBBE;CABCAACCACDABEEEBAECXCCCEEDBACCDBCCABBCCBDDBB;1;80;120;80;120;200;600;B;E;C;C;3;B;A;B;B;A;A;B;B;A;A;A;A;A;B;B;A;C;A;A;B
200005891162;2020;6;M;1;3;1;1;4;1;;0;;;;;;;;5300108;Bras�lia;53;DF;0;0;0;0;;;;;;;;;;;;;0;;;;;;;;;;;;;;;;;;;;;;;;;;;;;;;;;;;;
200006461621;2020;12;M;1;2;1;1;14;1;;0;;;;;;;;2307650;Maracana�;23;CE;1;1;1;1;600;570;579;589;525.6;583.8;551.4;580.2;DAACDBBECBADCECBECECBCCDECCCCEBDAACEEDDAEEAED;BBDBDCECEDDDECBBACABDDDCDDCEADBCACAEBCEDABEDE;99999EEBCDDECCABABBADEDAABACADEBDDACBACDCAEEAEBDAA;BBAEBACADEEAEBACEDCAAECCBAAEACCEBEABBBACBBDBA;1;DCDXDCCAEBADCBAAEACCBCEDDCBDDDAEDDCDECCEDBDDD;BDDBECECBACDBDEEBDEDDAECDDCCADECBCCCBBEDABCDE;AACDEEEECADBBCAAADBADEABEBAAADEBADADAEBDACAACBBECE;BAECDBBXCCCBDBACCDBEEEBCCAABCCACEACCEDBCABCDA;1;120;120;100;100;60;500;C;D;C;B;2;C;A;B;C;A;B;B;A;A;A;A;A;A;B;A;B;C;A;A;B
200005416608;2020;6;F;2;3;1;1;3;1;;0;;;;;;;;5208707;Goi�nia;52;GO;0;0;0;0;;;;;;;;;;;;;1;;;;;;;;;;;;;;;;;;;;;;;;;;;;;;;;;;;;
200006222076;2020;13;M;1;3;1;1;14;1;;0;;;;;;;;2105302;Imperatriz;21;MA;1;1;1;1;597;569;580;587;471.5;592.9;462.9;525.2;DBDDADCCBDBBCDDDCDADBCCCBBDECCECCDDAECDDCAAEC;DEEAACEEBADBCECDBCBDBDEEEAEDCBDDADDDCEECACDBC;CADDA99999DECEEEBCDAADDCCACCCABBACCBADADDDBBBDCCDE;DACDDDDDCECECBBAECABEEBBBDCCCDBBCCCBCCDABDCBD;0;DDBACBDDDECDAEDCCCEDBDDCBDDCAAECEDDACCBAEDCDX;DECCADEBDECBBECDDCBACDBDEEDABCDDAEDBECECBCCBD;DCEAAEEEACAACBBEBEBAAADBBAEBCEDBAADADDEADEBDACCAAA;DABCCAEDBBCCCABCACCBDXCCCBEEEDBBACCDACBAEBAEC;1;120;200;160;160;200;840;C;D;C;B;2;C;A;B;C;A;A;B;B;A;A;A;A;A;B;B;A;C;A;A;B
200004951701;2020;11;M;2;3;1;1;9;1;;0;;;;;;;;2301901;Barbalha;23;CE;1;1;1;1;600;570;579;589;515.4;390.3;504.7;397.3;DACBACBBCDCBABDBCACBBCBCDBCACDBCBACBDCCABACDC;AADDCCACBDCBCCAACABBACACBCBBACDCCABBCBAAECDCB;99999ABCBADACCADBCBADEAABBACACDADCADBCBACBDBCDBCCB;BCDABCBCBADCACACDBBDCBBACBBACDACBBDBABCCBCDBC;1;DCDXDCCAEBADCBAAEACCBCEDDCBDDDAEDDCDECCEDBDDD;BDDBECECBACDBDEEBDEDDAECDDCCADECBCCCBBEDABCDE;AACDEEEECADBBCAAADBADEABEBAAADEBADADAEBDACAACBBECE;BAECDBBXCCCBDBACCDBEEEBCCAABCCACEACCEDBCABCDA;1;140;40;40;120;40;380;B;A;D;A;2;C;A;B;C;A;A;B;A;B;A;A;A;A;B;A;B;D;A;A;B
200005734351;2020;6;F;1;3;1;1;0;1;;0;;;;;;;;1302603;Manaus;13;AM;0;0;0;0;;;;;;;;;;;;;1;;;;;;;;;;;;;;;;;;;;;;;;;;;;;;;;;;;;
200006103866;2020;11;F;1;1;1;1;11;1;;0;;;;;;;;5002704;Campo Grande;50;MS;0;0;0;0;;;;;;;;;;;;;0;;;;;;;;;;;;;;;;;;;;;;;;;;;;;;;;;;;;
200002310176;2020;3;M;1;1;1;2;0;2;1;0;;;;;;;;2304400;Fortaleza;23;CE;0;0;0;0;;;;;;;;;;;;;1;;;;;;;;;;;;B;H;C;F;2;A;A;B;B;A;A;B;A;A;A;A;A;A;B;B;A;B;A;A;B
200001769014;2020;5;M;1;1;1;1;3;1;;0;;;;;;;;2927408;Salvador;29;BA;1;1;1;1;597;569;580;587;573.3;603.5;513.4;636.6;CDCECADCBEEBCDDBCCADCEDADDDCEABCEDBABBADEDCBE;ACDEADCACEEACECDBCDDCDADBDDBAEADABABECECECAED;CCEAA99999BBAEBEDEDBCADCCBEAAADBADDCADBBEDABACEDCC;CEDCAAECACBACCBBACDBDCEEDCABEBABBCDDBCCEDBEBC;0;DDBACBDDDECDAEDCCCEDBDDCBDDCAAECEDDACCBAEDCDX;DECCADEBDECBBECDDCBACDBDEEDABCDDAEDBECECBCCBD;DCEAAEEEACAACBBEBEBAAADBBAEBCEDBAADADDEADEBDACCAAA;DABCCAEDBBCCCABCACCBDXCCCBEEEDBBACCDACBAEBAEC;1;180;40;40;160;40;460;B;B;A;A;3;A;A;B;C;A;A;B;A;A;A;B;A;A;B;B;A;D;A;B;B
200006491301;2020;5;F;0;1;1;1;3;1;;0;;;;;;;;4304705;Carazinho;43;RS;1;1;1;1;598;567;577;588;569.7;502.1;566.1;504.5;EAAEDDACACCBABDEADBBDADBABACDACBDDDDBCCACCDCB;ACBABDCDEABBAAEABBEDEACCDCAEBAEDCDDAADCABBCAB;99999ACEBECACACECEABEDEACBADACCDECBEBEEADAACDCBDBC;CBDBCCAAEDBDCACDBBDDEDBBDBEEDDEDCACEBDBCDAECB;1;CEDBDDDCACCBDAEBADCBDCDXAAECEDDDECDDCBDDAEDCC;DABCBDDDAEDBECECBBEDEBDEECBCCCBACDCCADEBDECDD;AAEDCACEEECEAACBAEBBEDACDBAADADDEBBEBAAADEACAAADBB;AEBCCXCCCACCDABCCABCABCBAECEDBBDBEEEDBBACCDAC;1;120;160;160;120;140;700;E;F;C;B;4;B;A;C;C;B;A;B;B;B;A;B;A;B;C;A;A;C;A;B;B
200004553184;2020;4;M;1;2;1;1;1;1;;0;;;;;;;;2707701;Rio Largo;27;AL;1;1;1;1;598;567;577;588;482;514.2;576.8;672.1;CADEABADCACCEBDCADDBABBCECECECCBECDDEDCAECCBA;ACEDBEDDDBDABABBBCEDEACADCEACDDDADAAAEDABEDDD;99999DACDECBBBCBAEEBDDBBDAADDBDDDACEBBCADCACCADDBC;AEDBBCCECACBBAECBDBCDCEBDBCCDBBDCEDEBEADCDECA;1;CEDBDDDCACCBDAEBADCBDCDXAAECEDDDECDDCBDDAEDCC;DABCBDDDAEDBECECBBEDEBDEECBCCCBACDCCADEBDECDD;AAEDCACEEECEAACBAEBBEDACDBAADADDEBBEBAAADEACAAADBB;AEBCCXCCCACCDABCCABCABCBAECEDBBDBEEEDBBACCDAC;1;160;200;180;200;200;940;H;A;C;F;4;C;A;B;C;A;A;B;B;B;A;B;A;A;C;B;A;E;A;C;B
200001141912;2020;2;M;3;3;1;2;0;2;1;0;;;;;;;;3550308;S�o Paulo;35;SP;1;1;1;1;597;569;580;587;439.6;395.6;505.7;339.2;DDDCAAEBBCACACCCCAABBACDBEADACDCAABCACCCDAAEA;ADABADCCAECACEBACEADBBDDCDBBBCEDAAAAEAAACDBAE;ACCEA99999BACABDAEBBCADBEEEEECEEADEEAAEABDCECCBCCA;CECDACBDADBACBDAEDDBECAEACDDDCCCCCACABEDADBAD;0;DDBACBDDDECDAEDCCCEDBDDCBDDCAAECEDDACCBAEDCDX;DECCADEBDECBBECDDCBACDBDEEDABCDDAEDBECECBCCBD;DCEAAEEEACAACBBEBEBAAADBBAEBCEDBAADADDEADEBDACCAAA;DABCCAEDBBCCCABCACCBDXCCCBEEEDBBACCDACBAEBAEC;1;60;40;40;100;40;280;D;E;C;B;4;C;A;B;C;B;A;B;B;B;A;B;A;A;C;A;A;D;A;A;B
200003775995;2020;5;F;1;2;1;1;3;1;;0;;;;;;;;3534401;Osasco;35;SP;1;1;1;1;599;568;578;590;599.7;659.9;597.2;548.8;CEDBCDCAEBCCDECAEDECBEAEBEECADDDCEBDCECAABCEB;EDACBCCDEDDAABBCDCBABCDCACCEACDADEEBAAAEDEECB;BECAD99999AEBBECDAAADAABCEADEADADDBACAACECADAAEBBE;BECDABDACABADDBEBBEDABEDBBAEACDEACAEBADCBECAC;0;CBDDDDCAAECEDDCEDBDDAEDECAEDCCDDDCBDCDXBAACCB;BDECBCCDEDDAEBDCDDCBBEDABCCBACDBDEECCADEDBECE;CDEAACAEEEBEBADADAAAAACBAEBDEADACDBBDBACECAAADEBBE;CABCAACCACDABEEEBAECXCCCEEDBACCDBCCABBCCBDDBB;1;140;160;160;160;160;780;D;F;C;D;2;C;A;B;C;A;A;B;B;B;A;B;A;A;B;A;A;C;A;A;B
200002437786;2020;3;F;1;3;1;2;0;2;1;0;;;;;;;;3154606;Ribeir�o das Neves;31;MG;1;1;1;1;598;567;577;588;482.8;384.4;514.6;536.4;EAEECBAABCABDCDBADEADBABCBACDACADDEAEBDCCEEBC;ACCEAEAECEBDABEAACBABECAEEBEBABDCDCBBECEBEAED;CAECB99999AEEBECDEABDDBCDAAEEADDBADEADBEDABEADACBA;DABDACBCABCCEACCCAECBCDADACCBBEEABDDCBBEABEEC;0;CEDBDDDCACCBDAEBADCBDCDXAAECEDDDECDDCBDDAEDCC;DABCBDDDAEDBECECBBEDEBDEECBCCCBACDCCADEBDECDD;AAEDCACEEECEAACBAEBBEDACDBAADADDEBBEBAAADEACAAADBB;AEBCCXCCCACCDABCCABCABCBAECEDBBDBEEEDBBACCDAC;1;160;200;180;200;200;940;E;E;C;B;4;B;A;B;C;A;A;B;A;A;A;A;A;A;B;A;A;C;A;B;B
200006269653;2020;3;F;1;2;1;1;1;1;;0;;;;;;;;2111300;S�o Lu�s;21;MA;1;1;1;1;597;569;580;587;510.4;481.2;543.5;480.8;DCBEECDCCECABECECBABCDCDEEDCCDDCABABCDDABEADD;DDDAEC.ADEEAAEEEDCBDDBBABEDACBAAADDEECECBDACB;ACDAA99999ABCABABDCCCADBACCADDDEAACAADADDBADADCDBE;BCACCEBBCEDEACDBECAAEBACEDBDACEBBABDABCEABDCE;0;DDBACBDDDECDAEDCCCEDBDDCBDDCAAECEDDACCBAEDCDX;DECCADEBDECBBECDDCBACDBDEEDABCDDAEDBECECBCCBD;DCEAAEEEACAACBBEBEBAAADBBAEBCEDBAADADDEADEBDACCAAA;DABCCAEDBBCCCABCACCBDXCCCBEEEDBBACCDACBAEBAEC;1;80;40;40;120;40;320;A;E;C;D;5;B;A;B;C;A;A;B;A;A;A;A;A;A;B;A;A;C;A;A;B
200003350911;2020;3;F;1;3;1;2;0;2;1;0;2207009;Oeiras;22;PI;1;1;1;2207009;Oeiras;22;PI;1;1;1;1;598;567;577;588;516.8;565.7;567.7;384.2;DAEEADCEECBDABEDDDADDBEBCCECCBDCDCEDAADCBBDDC;EBCABBDDADDACCECACBBEAAEECCCACEDDACCBBAEBEBED;DAECC99999AADBDBCEDBADECDDADEBADEBACBAEADEEAEAADEC;DBADABDECBDDAADBCDBDDCDCDDDBBCDEBEDBDDCCCDCCE;0;CEDBDDDCACCBDAEBADCBDCDXAAECEDDDECDDCBDDAEDCC;DABCBDDDAEDBECECBBEDEBDEECBCCCBACDCCADEBDECDD;AAEDCACEEECEAACBAEBBEDACDBAADADDEBBEBAAADEACAAADBB;AEBCCXCCCACCDABCCABCABCBAECEDBBDBEEEDBBACCDAC;1;140;180;160;200;200;880;A;C;A;A;3;B;A;B;C;A;B;B;A;A;A;A;A;A;A;A;A;C;A;A;A
200005318733;2020;11;M;1;3;1;1;0;1;;0;;;;;;;;4106902;Curitiba;41;PR;0;0;0;0;;;;;;;;;;;;;1;;;;;;;;;;;;D;C;C;B;2;C;A;B;C;A;A;B;A;A;A;A;A;A;B;A;A;C;A;A;B
200001104094;2020;6;F;1;2;1;1;4;1;;0;;;;;;;;3304557;Rio de Janeiro;33;RJ;0;0;0;0;;;;;;;;;;;;;0;;;;;;;;;;;;B;E;B;B;6;B;A;B;C;A;A;B;A;B;A;A;A;A;B;A;A;D;A;A;B
200004209051;2020;7;M;1;1;1;1;2;1;;0;;;;;;;;2907202;Casa Nova;29;BA;0;0;0;0;;;;;;;;;;;;;0;;;;;;;;;;;;D;E;A;D;5;D;A;B;D;B;A;B;A;A;A;B;A;A;B;A;A;D;A;B;B
200003047925;2020;2;M;1;3;1;3;0;1;;1;;;;;;;;2408102;Natal;24;RN;0;0;0;0;;;;;;;;;;;;;1;;;;;;;;;;;;B;B;F;F;4;B;A;B;C;A;A;B;A;B;B;B;A;A;B;A;A;E;A;A;B
200005933846;2020;12;M;2;1;1;1;14;1;;0;;;;;;;;2615300;Timba�ba;26;PE;0;0;0;0;;;;;;;;;;;;;0;;;;;;;;;;;;E;A;A;A;3;C;A;C;D;A;A;B;A;B;A;A;A;B;B;B;A;C;A;A;B
200006093562;2020;11;M;1;3;1;1;0;1;;0;;;;;;;;2312908;Sobral;23;CE;0;0;0;0;;;;;;;;;;;;;1;;;;;;;;;;;;E;E;B;B;4;B;A;B;B;A;B;B;A;A;A;A;A;A;B;A;A;B;A;A;B
200003151159;2020;9;F;1;3;2;1;8;1;;0;;;;;;;;2108603;Pinheiro;21;MA;1;1;1;1;597;569;580;587;456.4;500.2;508.3;387.9;DDACEADBBDDDCCCDDDADEBCBEDCBCBEACDDBEBDDADAEA;BDDAEEAEBEDCEEABDEDDDDEDADADEADAADAAEABCDECBA;99999CAEDADCDBBEACBBAADBAEEAAAECBCACDAABBDCACBCAAA;CACAEAEEEDDCBCCDADEAEEEEADDABBDEEDAEDABEBDEDE;1;DDBACBDDDECDAEDCCCEDBDDCBDDCAAECEDDACCBAEDCDX;DECCADEBDECBBECDDCBACDBDEEDABCDDAEDBECECBCCBD;DCEAAEEEACAACBBEBEBAAADBBAEBCEDBAADADDEADEBDACCAAA;DABCCAEDBBCCCABCACCBDXCCCBEEEDBBACCDACBAEBAEC;1;120;40;40;80;40;320;C;E;A;B;3;B;A;B;C;A;A;B;A;A;A;A;A;A;B;A;A;B;A;A;A
200002689274;2020;4;F;1;3;1;2;0;2;1;0;;;;;;;;2802908;Itabaiana;28;SE;0;0;0;0;;;;;;;;;;;;;0;;;;;;;;;;;;B;C;F;B;5;B;A;B;D;A;A;B;A;B;A;A;A;A;B;B;A;E;A;A;B
200006762669;2020;8;M;1;3;1;1;5;1;;0;;;;;;;;2304400;Fortaleza;23;CE;0;0;0;0;;;;;;;;;;;;;1;;;;;;;;;;;;;;;;;;;;;;;;;;;;;;;;;;;;
200002695674;2020;4;M;1;2;1;1;1;1;;0;;;;;;;;2300200;Acara�;23;CE;1;1;1;1;600;570;579;589;500.2;599.8;592.5;636.7;DCBBDBBECEDDDCDAECEBCCDDAAAAAECDDDAADECADBAED;BDDAECBCEBCDACAEBDADDAECDDEBAABCAEDCACEABAAAE;AABCD99999DBACACADAADCBDDBEAADEBAACDCEADBCAECEBEAA;DACDDEBDCCBDEBAECCBCCEACBEADDCBDEACDECCCAAAAA;0;DCDXDCCAEBADCBAAEACCBCEDDCBDDDAEDDCDECCEDBDDD;BDDBECECBACDBDEEBDEDDAECDDCCADECBCCCBBEDABCDE;AACDEEEECADBBCAAADBADEABEBAAADEBADADAEBDACAACBBECE;BAECDBBXCCCBDBACCDBEEEBCCAABCCACEACCEDBCABCDA;1;160;160;160;180;180;840;H;C;B;B;4;B;A;B;C;A;A;B;A;A;A;B;A;A;B;A;A;C;A;A;B
200006674382;2020;3;F;1;1;1;1;1;1;;0;;;;;;;;3527207;Lorena;35;SP;1;1;1;1;597;569;580;587;644.4;687.5;691.1;757.8;DADACADEEBCDBEECCDADCEDBEDDDCAACDDEACCBEEDCDD;AECADEEBDECBBECDDCBACDADEEDCAEDDAEDAECECDCCBD;DCDAA99999AEBBBEBEBADADBDDEBAEDAAADCDDEADEBDBCCAAA;DADCEBEBBCBCCDECCBABDDBCCBEDEABBACCDAEBAEBAEE;0;DDBACBDDDECDAEDCCCEDBDDCBDDCAAECEDDACCBAEDCDX;DECCADEBDECBBECDDCBACDBDEEDABCDDAEDBECECBCCBD;DCEAAEEEACAACBBEBEBAAADBBAEBCEDBAADADDEADEBDACCAAA;DABCCAEDBBCCCABCACCBDXCCCBEEEDBBACCDACBAEBAEC;1;180;200;180;200;200;960;E;F;B;D;3;E;A;C;C;B;A;B;B;B;B;B;A;A;C;A;A;D;B;D;B
200006010029;2020;12;F;1;3;1;1;0;1;;0;;;;;;;;2702900;Girau do Ponciano;27;AL;1;1;1;1;598;567;577;588;359.3;416.7;478;339.8;EACCECEBCEDDBBECAADDEAECCEEDBCDCBCCAABEDCEDAB;ADCABEDBCABDECBEAEEDADBCAECCBCADDDEBC*CEBABBB;99999CCAEEABCEAADEDBDBCCBAACED.EEBBCEECAEEBCEACABC;CDABCCDCCBAAEEBDADBABCECBB*BCCEEACBBDCCDEACDC;1;CEDBDDDCACCBDAEBADCBDCDXAAECEDDDECDDCBDDAEDCC;DABCBDDDAEDBECECBBEDEBDEECBCCCBACDCCADEBDECDD;AAEDCACEEECEAACBAEBBEDACDBAADADDEBBEBAAADEACAAADBB;AEBCCXCCCACCDABCCABCABCBAECEDBBDBEEEDBBACCDAC;1;120;120;120;120;160;640;A;A;A;A;3;B;A;B;B;A;A;B;A;A;A;A;A;A;B;A;A;B;A;A;A
200004149124;2020;5;M;1;3;1;1;3;1;;0;;;;;;;;3550308;S�o Paulo;35;SP;1;1;1;1;598;567;577;588;447.4;599.6;528.2;627.8;AEBDBBCEAEBDECDDCCADDBDAABACECCCEACCCDABDEDAE;ADADBADAACDEBEEBCAEDDACEDCACECEDCDCABAEBBECDB;99999AEACDABDBEBBEDBECBDADADABDDCBCDBBEADCBCDBDDBD;EDCBCDDEDBCABCCCCDBCDACBADCEADADCCEEBAAAECBCA;1;CEDBDDDCACCBDAEBADCBDCDXAAECEDDDECDDCBDDAEDCC;DABCBDDDAEDBECECBBEDEBDEECBCCCBACDCCADEBDECDD;AAEDCACEEECEAACBAEBBEDACDBAADADDEBBEBAAADEACAAADBB;AEBCCXCCCACCDABCCABCABCBAECEDBBDBEEEDBBACCDAC;1;140;200;140;200;180;860;B;C;A;B;4;B;A;B;D;B;A;B;A;A;A;B;A;A;B;A;A;C;A;A;B
200004330758;2020;8;F;1;3;1;1;0;1;;0;;;;;;;;2504009;Campina Grande;25;PB;1;1;1;1;700;688;692;696;357.4;334.8;516.5;501.6;BBCCBCBBCCBBCDCCBABCCEDDBBCCCBABBCEAEDDBDACBA;CCEAEDBECCBBCDEDECADEAECDADCAEEDEDCBACDECEBBC;99999EDEDDADEBBEBAEADBDCCBCBDCBDACBDBBCCDECBAEADAA;DCDDDCBCCDBDEBACCABCADDDBCBABCBBCCCBBDBCCACBD;1;BDECCACBEBDEAEDAECCBAEABCCEADDBBCADCBDDEBDBAC;DABCCAECBABECADBDCCABDBCDDAABDBAEBEBBDBDDBDBE;99999BDCEDAEEABCBABBBBDCEEEADCCBECEACBADBCDDBCAEAA;EBDBXCCDAEECBAABABAEDDEDAECBCDCADEEBBABBACBCA;1;100;120;120;120;40;500;;;;;;;;;;;;;;;;;;;;;;;;;
200001788901;2020;9;M;1;3;1;1;6;1;;0;;;;;;;;2307304;Juazeiro do Norte;23;CE;1;1;1;1;599;568;578;590;437.2;436.3;550.8;423.9;ECCBACCEBACDBDDACBCEBEDDEDBCDDEDDCBAAEACACEBD;EBACEACDBBEAADECEDABEDDDEABDADBADCBDDBCAAAAAA;99999BCECCBDBEEADBCACADCEEAEEBDBBDBBDCEBECDEBDDBBB;CBBDBDBECBBACCDADADECBEEADCDAAAAAADADCBADDCBC;1;CBDDDDCAAECEDDCEDBDDAEDECAEDCCDDDCBDCDXBAACCB;BDECBCCDEDDAEBDCDDCBBEDABCCBACDBDEECCADEDBECE;CDEAACAEEEBEBADADAAAAACBAEBDEADACDBBDBACECAAADEBBE;CABCAACCACDABEEEBAECXCCCEEDBACCDBCCABBCCBDDBB;1;140;40;40;120;40;380;E;E;D;D;5;B;A;B;B;A;A;B;A;A;A;A;A;A;B;A;A;B;A;B;A
200004884707;2020;3;M;1;3;1;2;0;2;1;0;;;;;;;;2604106;Caruaru;26;PE;1;1;1;1;600;570;579;589;425.4;568;585.5;615.1;ABBABCBDECCEBAEBBAEAECBDAECDDAABDEAEADBCEADAE;BADAEEECADEAAEEACDEDDADEDBEAADCCDDBAACAECCCAE;AABAD99999DBACDCBDAADEBAEBACCDEBDDADCABDADDBEABEAE;BDBCBBBDAEBEABDCACBCDBCCBBDCDDBBEACBEEBCCDBBA;0;DCDXDCCAEBADCBAAEACCBCEDDCBDDDAEDDCDECCEDBDDD;BDDBECECBACDBDEEBDEDDAECDDCCADECBCCCBBEDABCDE;AACDEEEECADBBCAAADBADEABEBAAADEBADADAEBDACAACBBECE;BAECDBBXCCCBDBACCDBEEEBCCAABCCACEACCEDBCABCDA;1;180;180;140;180;200;880;D;C;A;A;4;B;A;B;B;A;A;A;A;A;A;A;A;A;B;A;A;A;A;A;A
200001525954;2020;4;M;1;2;1;1;1;1;;0;;;;;;;;2927408;Salvador;29;BA;1;1;1;1;598;567;577;588;502.2;548.8;541.8;616.1;EACDDAACACDEDADEDCDEDAAECCBCCDDEDCECEACDEAABC;ACACBDEAABDEDCBABCBCEADCCCEACAADEDDAACDBDECAB;AACCD99999EADDBEAEEBBDDEDAADCADDECBECBAADBCECDBDBC;CEABEACECEBBCABCDDBCDDBBABCEAAACDABEDCBCCAEDE;0;CEDBDDDCACCBDAEBADCBDCDXAAECEDDDECDDCBDDAEDCC;DABCBDDDAEDBECECBBEDEBDEECBCCCBACDCCADEBDECDD;AAEDCACEEECEAACBAEBBEDACDBAADADDEBBEBAAADEACAAADBB;AEBCCXCCCACCDABCCABCABCBAECEDBBDBEEEDBBACCDAC;1;120;80;120;120;80;520;H;H;C;F;2;B;A;B;C;A;A;B;A;A;A;A;A;A;B;B;A;A;A;A;B
200001597748;2020;3;F;1;3;1;1;2;1;;0;;;;;;;;2800308;Aracaju;28;SE;0;0;0;0;;;;;;;;;;;;;1;;;;;;;;;;;;;;;;;;;;;;;;;;;;;;;;;;;;
200005725669;2020;2;F;1;3;1;2;0;2;1;0;5108402;V�rzea Grande;51;MT;2;1;1;5108402;V�rzea Grande;51;MT;1;1;1;1;598;567;577;588;467.5;518.8;541;404.6;EACBDACEAEACEBEDADEBDADBCCBDDCABDACAECDEBECAE;DABDBECEADAAECBDAABDEAECACADDDDDDDBECADBCBCBD;99999ACECEAACECEEAABDDCCDADAADDDEAAEBBCEAABCAAADED;ABEDDABDACBAEACDCEADA*DDDAEDDBAECBABADBEDBDEB;1;CEDBDDDCACCBDAEBADCBDCDXAAECEDDDECDDCBDDAEDCC;DABCBDDDAEDBECECBBEDEBDEECBCCCBACDCCADEBDECDD;AAEDCACEEECEAACBAEBBEDACDBAADADDEBBEBAAADEACAAADBB;AEBCCXCCCACCDABCCABCABCBAECEDBBDBEEEDBBACCDAC;1;100;120;120;140;120;600;C;E;C;B;6;B;B;C;C;A;B;B;B;B;A;A;A;A;B;A;B;E;A;A;A
200002317103;2020;3;M;1;2;1;1;1;1;;0;;;;;;;;2913903;Ipia�;29;BA;1;1;1;1;597;569;580;587;404.1;364.7;491.1;345.5;EACEADCCBACDBBCAACACBADEACADAAADCCADDBDACDBEA;CAAABBDBCABAABCAACBCDEAABDACCEAABBEDACEEAABDA;99999BAAACABABBACCBCCADBADEAAABCADCCABAADEAEBABCBD;BCCEDEAEDEBBDADBDBABEADDADADAADBDCEDCEADAACBD;1;DDBACBDDDECDAEDCCCEDBDDCBDDCAAECEDDACCBAEDCDX;DECCADEBDECBBECDDCBACDBDEEDABCDDAEDBECECBCCBD;DCEAAEEEACAACBBEBEBAAADBBAEBCEDBAADADDEADEBDACCAAA;DABCCAEDBBCCCABCACCBDXCCCBEEEDBBACCDACBAEBAEC;1;120;40;40;140;40;380;C;E;A;B;4;B;A;B;C;A;A;B;A;A;A;B;A;A;B;A;A;B;A;A;B
200005981242;2020;6;F;1;2;1;1;2;1;;0;;;;;;;;2910800;Feira de Santana;29;BA;0;0;0;0;;;;;;;;;;;;;1;;;;;;;;;;;;E;D;B;B;3;B;A;B;B;A;A;B;A;A;A;A;A;A;B;A;A;A;A;A;B
200006293617;2020;10;M;1;3;1;1;8;1;;0;;;;;;;;5208707;Goi�nia;52;GO;1;1;1;1;699;687;691;695;678.8;677.9;633.1;914.7;EEAAECBCCDACAEBAEBDBCCACECBDECDEBDCBAADECDECA;EAAEDABDDBDBADBCCDEBADACBBABCCBCDBABDBCBAEADB;CADDD99999AEBABBBAADBECBEACCCECEDAEDEACCADCCBDBADE;BABBDABAEEBACBACDEDCEDCACEBBADCBEABADCBADDCCE;0;DEAAECBBCDCBAEBEEBDBCCACECCDACDABDDBADDECBEBA;EAAADBBEDBDACDBCCDEBDBBCBBADCAECDBABDBCBADEDB;CADDE99999DEBBBBBAADBECBEACCBECEDAEABEECBDCCADAACA;BABBDABAEEBACBACDEDEEXCACEBBADCBEABADCBADDCCE;1;160;200;160;200;20;740;;;;;;;;;;;;;;;;;;;;;;;;;
200004043002;2020;3;M;1;2;1;2;0;3;1;0;;;;;;;;3550308;S�o Paulo;35;SP;1;1;1;1;597;569;580;587;530.9;631.1;601.8;634.6;DCCBDEBBCDDDBDCEDCADEDDCBDDECDACCDDAEBCDDDAAE;AEAAACECDACBCECDDADDCDEDAEAACCDDADDEEBEAACCBD;ACDAA99999ABECBDBCBAAADBBBEACEDAECECDEEADDBDCBBAAA;AADCCCEDADBCCEDCCCDDDBDCDBCEDBBBCCCCEBADEEDAC;0;DDBACBDDDECDAEDCCCEDBDDCBDDCAAECEDDACCBAEDCDX;DECCADEBDECBBECDDCBACDBDEEDABCDDAEDBECECBCCBD;DCEAAEEEACAACBBEBEBAAADBBAEBCEDBAADADDEADEBDACCAAA;DABCCAEDBBCCCABCACCBDXCCCBEEEDBBACCDACBAEBAEC;1;120;120;160;140;160;700;F;E;F;F;3;D;A;C;D;A;A;B;B;B;A;B;A;A;B;A;A;D;B;A;B
200004462096;2020;2;F;1;1;1;2;0;2;1;0;3513603;Cunha;35;SP;2;1;1;3518404;Guaratinguet�;35;SP;1;1;1;1;598;567;577;588;578.4;681.1;638.2;669.8;CAABECCCBCDBEDECEDCBDAEDAEBCADEBDCDDEEEBCEDEB;DDCCBDEDADDACCECACEDEADEECDCBCDACDECADEBDECDD;99999ACEEEABDBCBBEDBEDACDBAAECDDEBACBACADEDCCEADBA;ABCBDBCEADCBAACCBABCDECBABDEAADDCEEEBABACCEBE;1;CEDBDDDCACCBDAEBADCBDCDXAAECEDDDECDDCBDDAEDCC;DABCBDDDAEDBECECBBEDEBDEECBCCCBACDCCADEBDECDD;AAEDCACEEECEAACBAEBBEDACDBAADADDEBBEBAAADEACAAADBB;AEBCCXCCCACCDABCCABCABCBAECEDBBDBEEEDBBACCDAC;1;160;120;180;180;180;820;B;C;C;A;3;C;A;B;B;B;B;B;B;B;A;B;A;A;B;B;A;C;A;B;B
200003108997;2020;6;F;1;3;1;1;3;1;;0;;;;;;;;2907509;Catu;29;BA;1;1;1;1;599;568;578;590;378.2;506.2;428.9;434.7;BCEBCADEBEDDCABAEBCEDDDBEDAEBCDCBABAADEBBCEBE;ABECBEACEDDAABABEBEACDD*CBADCBDACDDEBBBDADEAB;99999CCEDABDBACBDECEDDAEAEADAEABDABCCDAADEECABCAAB;EDBCCCBBBDCECABEDDBCDBCBEECADEAECDBACCBBCDCAA;1;CBDDDDCAAECEDDCEDBDDAEDECAEDCCDDDCBDCDXBAACCB;BDECBCCDEDDAEBDCDDCBBEDABCCBACDBDEECCADEDBECE;CDEAACAEEEBEBADADAAAAACBAEBDEADACDBBDBACECAAADEBBE;CABCAACCACDABEEEBAECXCCCEEDBACCDBCCABBCCBDDBB;1;80;120;100;100;120;520;C;C;B;B;1;B;A;B;C;A;A;B;A;A;A;A;A;A;B;A;A;B;A;A;A
200003155995;2020;8;F;1;1;1;1;5;1;;0;;;;;;;;3101904;Alpin�polis;31;MG;1;1;1;1;599;568;578;590;512.6;512;568.7;504.3;EADBECBACECCDBEAEADACCBDEDECACDDCDECAADEBAEBA;BCDDEECAACCACBDCDDABDEADACDADBDACCABEBACADBCE;CCBAD99999AEBBADDCCACACBAEAEEDDBEDBDAACCACEDADEBBD;CDDBEBBACCEACBBEBBBECCCBDCCACEDEBCAEACBAAEBDD;0;CBDDDDCAAECEDDCEDBDDAEDECAEDCCDDDCBDCDXBAACCB;BDECBCCDEDDAEBDCDDCBBEDABCCBACDBDEECCADEDBECE;CDEAACAEEEBEBADADAAAAACBAEBDEADACDBBDBACECAAADEBBE;CABCAACCACDABEEEBAECXCCCEEDBACCDBCCABBCCBDDBB;1;160;120;120;120;120;640;C;C;A;A;5;C;A;B;C;B;B;B;A;B;A;A;A;A;B;B;A;D;A;A;B
200006077840;2020;3;F;1;3;1;3;0;1;;1;;;;;;;;4303509;Camaqu�;43;RS;1;1;1;1;598;567;577;588;447.3;565;557.3;359.4;CAEBCCEDBCBDEDCCDDABDAEACEBBEDDCBDECEAACEBDAB;BDAABDDBAA.BCEEEBABBEBDCAADCACDDDDCAEAAADDCDD;DEDBC99999CCAB*BBECBDDCBDCAACBDDDDAEBAEADCABBCADBC;DBACDBCEAEBBBBCBBBAACADACCADCEEABCAEADCECCCBE;0;CEDBDDDCACCBDAEBADCBDCDXAAECEDDDECDDCBDDAEDCC;DABCBDDDAEDBECECBBEDEBDEECBCCCBACDCCADEBDECDD;AAEDCACEEECEAACBAEBBEDACDBAADADDEBBEBAAADEACAAADBB;AEBCCXCCCACCDABCCABCABCBAECEDBBDBEEEDBBACCDAC;1;140;120;120;100;120;600;E;D;D;D;3;D;A;B;C;B;A;B;B;A;B;B;A;A;B;A;A;C;B;B;B
200002727241;2020;4;M;1;2;1;2;0;2;1;0;3302007;Itagua�;33;RJ;1;1;1;3302007;Itagua�;33;RJ;1;1;1;1;597;569;580;587;606.3;659.8;607.1;743;DDBACEDBDECEAEBDBEACADDDEBDAECACEDBAECDBCDBDE;DECAABEBDECBAECDDCBDCDEDEEEDBCDDAEDBECEDBDACE;ECDAA99999DABCBEBEDAAADBDAEACEDAECECDDEADECDBEACDA;BADCEBEDABCCCABEDEABDECCABEEECABACEDBBBAEBAEC;0;DDBACBDDDECDAEDCCCEDBDDCBDDCAAECEDDACCBAEDCDX;DECCADEBDECBBECDDCBACDBDEEDABCDDAEDBECECBCCBD;DCEAAEEEACAACBBEBEBAAADBBAEBCEDBAADADDEADEBDACCAAA;DABCCAEDBBCCCABCACCBDXCCCBEEEDBBACCDACBAEBAEC;1;160;200;160;200;200;920;E;E;C;C;4;F;A;B;C;B;A;B;B;B;B;B;A;B;C;B;B;D;A;C;B
200006056099;2020;7;M;1;3;1;1;2;1;;0;;;;;;;;2507705;Juazeirinho;25;PB;0;0;0;0;;;;;;;;;;;;;1;;;;;;;;;;;;A;B;A;A;3;B;A;B;D;A;A;B;A;A;A;A;A;A;B;A;A;D;A;A;B
200002968438;2020;1;M;1;2;1;2;0;2;1;0;5300108;Bras�lia;53;DF;2;1;1;5300108;Bras�lia;53;DF;0;0;0;0;;;;;;;;;;;;;0;;;;;;;;;;;;;;;;;;;;;;;;;;;;;;;;;;;;
200006009679;2020;8;M;1;3;1;1;6;1;;0;;;;;;;;3133303;Itaobim;31;MG;1;1;1;1;597;569;580;587;567.7;611.2;619;637.8;DDEDECCCABCEAACCBDEEEDDABAACABDCCDCAEBEBEDABC;DECEEBEBDAEECECCDADECDBBAADDBCADABDEEEBCBCABD;99999ECADCAAEBBDCCBADADBCAEECDDDEADADDEDDDBDCCBAEA;CAACBBECADBAAEEDBCEBDEBCECCEEBABBACEDACAEBDDC;1;DDBACBDDDECDAEDCCCEDBDDCBDDCAAECEDDACCBAEDCDX;DECCADEBDECBBECDDCBACDBDEEDABCDDAEDBECECBCCBD;DCEAAEEEACAACBBEBEBAAADBBAEBCEDBAADADDEADEBDACCAAA;DABCCAEDBBCCCABCACCBDXCCCBEEEDBBACCDACBAEBAEC;1;160;200;160;180;160;860;B;D;C;A;4;C;A;B;C;B;A;B;B;A;A;B;A;A;B;A;A;D;A;B;B
200005909927;2020;11;F;2;0;1;1;0;1;;0;;;;;;;;1501402;Bel�m;15;PA;0;0;0;0;;;;;;;;;;;;;1;;;;;;;;;;;;;;;;;;;;;;;;;;;;;;;;;;;;
200004954618;2020;2;M;1;3;1;2;0;2;1;0;;;;;;;;2929255;S�o Gabriel;29;BA;1;1;1;1;599;568;578;590;477.7;589.8;536.7;516.7;AAECAADAAECDCECBEBDAADBBADDDDEEDEAEDAEAAEECCC;ABCCACCBEDAABBDCCDEACEEDECCBDADBDCDDEAABDAECE;DCDED99999AEBDEEDADADACBEEAACBDADDBDDAAAAADCADECBC;BEEACBDCCECAAABEBDBEABCCEBDCECADBDBAEDCAEEEDB;0;CBDDDDCAAECEDDCEDBDDAEDECAEDCCDDDCBDCDXBAACCB;BDECBCCDEDDAEBDCDDCBBEDABCCBACDBDEECCADEDBECE;CDEAACAEEEBEBADADAAAAACBAEBDEADACDBBDBACECAAADEBBE;CABCAACCACDABEEEBAECXCCCEEDBACCDBCCABBCCBDDBB;1;120;120;120;140;120;620;C;E;C;B;2;B;A;B;C;A;A;B;B;A;A;A;A;A;B;A;A;C;A;B;B
200002347958;2020;1;M;1;3;1;3;0;1;;1;;;;;;;;5208707;Goi�nia;52;GO;1;1;1;1;598;567;577;588;484.1;699.2;638.1;671.5;CACECCDABCEDECEEDDADDABCDBADADACDCCDBDCECACDB;DABCBDDCADDCEEECBBADEDDEECACABBACDCCADBBDECDD;AADDE99999CECACEAEBBDDCDDAACDADDDBBCBAAADAACCDADBB;AEBAEECCADCACABCBBBCABBBDCCEDCAEBDCEAABCDCDAB;0;CEDBDDDCACCBDAEBADCBDCDXAAECEDDDECDDCBDDAEDCC;DABCBDDDAEDBECECBBEDEBDEECBCCCBACDCCADEBDECDD;AAEDCACEEECEAACBAEBBEDACDBAADADDEBBEBAAADEACAAADBB;AEBCCXCCCACCDABCCABCABCBAECEDBBDBEEEDBBACCDAC;1;120;140;140;160;120;680;E;E;D;B;5;B;A;C;D;B;B;B;A;B;A;B;A;A;B;A;A;E;A;D;B
200004311829;2020;3;F;1;2;1;2;0;2;1;0;;;;;;;;3128006;Guanh�es;31;MG;1;1;1;1;600;570;579;589;411;415.5;491.7;491.1;DACDCDBDACEBECDCADCCDCDCBABCEDBAAADCEDAEEEBEC;BADCBCEAEDDBABDABEECBEACADABBBCECECBABECADBCD;99999ACEDBDBABCBDDCEDADDDBCCEDEADCADBCADDABBEEBDCB;BBDEBDCEAEBEDEACDCABDDCABBEEABBCEABCEDADEDADA;1;DCDXDCCAEBADCBAAEACCBCEDDCBDDDAEDDCDECCEDBDDD;BDDBECECBACDBDEEBDEDDAECDDCCADECBCCCBBEDABCDE;AACDEEEECADBBCAAADBADEABEBAAADEBADADAEBDACAACBBECE;BAECDBBXCCCBDBACCDBEEEBCCAABCCACEACCEDBCABCDA;1;140;160;160;140;120;720;D;B;C;B;3;B;A;B;C;A;A;B;A;B;A;A;A;A;B;A;A;D;A;A;A
200002828590;2020;7;F;1;3;1;1;4;1;;0;;;;;;;;2709400;Vi�osa;27;AL;0;0;0;0;;;;;;;;;;;;;1;;;;;;;;;;;;A;B;A;A;4;B;A;B;C;A;B;B;A;A;A;A;A;A;B;B;A;C;A;A;B
200003227169;2020;12;M;1;3;1;1;12;1;;0;;;;;;;;1501402;Bel�m;15;PA;0;0;0;0;;;;;;;;;;;;;1;;;;;;;;;;;;;;;;;;;;;;;;;;;;;;;;;;;;
200003017142;2020;7;F;1;0;1;1;4;1;;0;;;;;;;;2406106;Jucurutu;24;RN;1;1;1;1;598;567;577;588;446.2;410.1;529.1;415.9;BACBBDADAADCADEDDCCEBACACBECCCDACCADECAAEBAAC;CEEBEEEDCCCDECBECCEAEABBABDCAADBCDBBDAACCAEAA;AADDA99999ECEBCEEEBBACAEDEAACBBDEACCBADADCDACCBDDA;DDAACAAEEABACAAAEEEEDCDBDDECDBCADACCDACCCBEAB;0;CEDBDDDCACCBDAEBADCBDCDXAAECEDDDECDDCBDDAEDCC;DABCBDDDAEDBECECBBEDEBDEECBCCCBACDCCADEBDECDD;AAEDCACEEECEAACBAEBBEDACDBAADADDEBBEBAAADEACAAADBB;AEBCCXCCCACCDABCCABCABCBAECEDBBDBEEEDBBACCDAC;1;120;40;40;120;40;360;C;E;C;B;3;C;A;B;C;A;A;B;B;A;A;A;A;A;B;A;A;D;A;A;B
200002597919;2020;3;M;1;3;1;2;0;2;1;0;;;;;;;;1502400;Castanhal;15;PA;1;1;1;1;599;568;578;590;555.8;525.5;493.4;354.4;ABDDDACABACCBDDECBDECECADBCCDCDDDDEEAAEEDACBC;EADCDAEDEEAAABACBAAECDECCAABDDDBDBACCADCBCADE;99999DCEDAAABAECDDAADEADCEAECAECCDBEACEAAEDEADDEBD;BCBEDDDAEBBBCBBDDEEEEAEBDCECCACDDDCDECEBBAACC;1;CBDDDDCAAECEDDCEDBDDAEDECAEDCCDDDCBDCDXBAACCB;BDECBCCDEDDAEBDCDDCBBEDABCCBACDBDEECCADEDBECE;CDEAACAEEEBEBADADAAAAACBAEBDEADACDBBDBACECAAADEBBE;CABCAACCACDABEEEBAECXCCCEEDBACCDBCCABBCCBDDBB;1;120;120;100;120;40;500;A;A;A;A;4;B;A;B;C;A;A;B;A;A;A;A;A;A;B;A;A;C;A;A;A
200001487841;2020;13;M;2;4;1;1;14;1;;0;;;;;;;;3522208;Itapecerica da Serra;35;SP;0;0;0;0;;;;;;;;;;;;;1;;;;;;;;;;;;B;B;B;B;3;C;A;B;C;B;A;B;A;B;A;A;A;A;A;B;A;C;A;B;B
200001051933;2020;1;F;1;3;1;3;0;1;;1;;;;;;;;2100055;A�ail�ndia;21;MA;1;1;1;1;599;568;578;590;443.9;474.4;445.2;443.9;CEBDECCDCDBECACAEEDCBDABDAACBBDCDEDDCBBEDCEBC;ACDCAAAEEDAAADDEADCADCCACCBEADAABCBBAACBACABC;ACDEC99999AECDEADEAADDBDCEBEABCBDDACDAAAABBCBAEBEA;DBAAECBABBAACDAABCAEBAECBECABEDEBDCABACDACBBA;0;CBDDDDCAAECEDDCEDBDDAEDECAEDCCDDDCBDCDXBAACCB;BDECBCCDEDDAEBDCDDCBBEDABCCBACDBDEECCADEDBECE;CDEAACAEEEBEBADADAAAAACBAEBDEADACDBBDBACECAAADEBBE;CABCAACCACDABEEEBAECXCCCEEDBACCDBCCABBCCBDDBB;1;120;40;40;120;60;380;E;E;A;A;4;B;A;B;C;A;A;B;A;A;A;A;A;A;B;A;A;B;A;A;A
200005503430;2020;2;F;1;3;1;2;0;2;1;0;;;;;;;;2800308;Aracaju;28;SE;1;1;1;1;600;570;579;589;441;376.3;481.5;408.5;DBEABABCCADCEEDBEECADDCCAABDCEAAECAADBBAABEDD;BECAACCABDDBDAADEBAADCADACAAAEDDEEADADAAAAABD;99999BAAEDDDABBCADCAEABAEBDCEDEBBEADAAEDBBEBAACBDB;BCBAEACAAEAAEADEBCBEBBADEABDABABBEBAABAABDAAA;1;DCDXDCCAEBADCBAAEACCBCEDDCBDDDAEDDCDECCEDBDDD;BDDBECECBACDBDEEBDEDDAECDDCCADECBCCCBBEDABCDE;AACDEEEECADBBCAAADBADEABEBAAADEBADADAEBDACAACBBECE;BAECDBBXCCCBDBACCDBEEEBCCAABCCACEACCEDBCABCDA;1;120;40;40;120;40;360;E;E;B;B;4;B;A;B;C;A;A;B;A;A;A;A;A;A;B;A;A;C;A;A;B
200006702266;2020;12;M;1;1;1;1;14;1;;0;;;;;;;;3538006;Pindamonhangaba;35;SP;0;0;0;0;;;;;;;;;;;;;0;;;;;;;;;;;;E;E;C;B;3;B;A;B;D;C;A;B;B;B;A;B;A;B;C;A;B;D;B;B;B
200001158719;2020;3;F;1;1;1;1;1;1;;0;;;;;;;;2308708;Morada Nova;23;CE;1;1;1;1;599;568;578;590;600.9;702.8;627.5;624.6;CCDDBDCCBCCEDDCAEBEDCEBECDECDCEDDBEDAAACCBCBB;ADECBCADEDDAABBCDDCBBADBBCCBDCDCDEBCCADEDAECE;99999AADEBBEBEDCDAEACAEAAEDDDADABDBADAACACEDADEBBE;CBBDACDCCDBAAAEEBACCAAEBEAACDDBECCCDEBADBEBDA;1;CBDDDDCAAECEDDCEDBDDAEDECAEDCCDDDCBDCDXBAACCB;BDECBCCDEDDAEBDCDDCBBEDABCCBACDBDEECCADEDBECE;CDEAACAEEEBEBADADAAAAACBAEBDEADACDBBDBACECAAADEBBE;CABCAACCACDABEEEBAECXCCCEEDBACCDBCCABBCCBDDBB;1;160;180;160;180;180;860;E;D;C;B;4;C;A;B;C;A;A;B;A;A;A;A;A;A;B;A;A;C;A;A;B
200005023391;2020;3;M;1;1;1;1;1;1;;0;;;;;;;;2409407;Pau dos Ferros;24;RN;1;1;1;1;600;570;579;589;600;605.1;581.5;591.1;DADDBCADEEADCACCAABDDCCDBCADBEBADACBDCCBDCEDD;BADEECBABACDADCEECADDAECBDA*ACCCECAAACADCCADE;AABDD99999DACCEBADBEEEEAEBADADEAEDDDBCBABCDBBBBECB;BEBCCACEEEDBDBB*DEBCCDDCCDDBBBDEEDADEAECBDBCA;0;DCDXDCCAEBADCBAAEACCBCEDDCBDDDAEDDCDECCEDBDDD;BDDBECECBACDBDEEBDEDDAECDDCCADECBCCCBBEDABCDE;AACDEEEECADBBCAAADBADEABEBAAADEBADADAEBDACAACBBECE;BAECDBBXCCCBDBACCDBEEEBCCAABCCACEACCEDBCABCDA;1;160;200;160;200;180;900;B;B;A;A;3;A;A;B;C;A;A;B;A;A;A;A;A;A;B;B;A;C;A;A;B
200003795954;2020;5;F;1;3;1;1;3;1;;0;;;;;;;;2211001;Teresina;22;PI;0;0;0;0;;;;;;;;;;;;;1;;;;;;;;;;;;H;B;F;A;3;B;A;B;C;B;B;B;A;A;A;B;A;A;B;A;A;D;A;A;B
200004401981;2020;4;F;1;2;1;2;0;2;1;0;;;;;;;;2202901;Corrente;22;PI;1;1;1;1;597;569;580;587;454.6;575.4;606.3;493.9;ECDBBDCCBDDEBDDCEBAEEADBBACCEBCCCCBBCADADDAAC;BEDDACDBCECAEBCDDADDADADCDACADEDAADEBCEEACCBE;DCDAA99999CBDBBEADBAEADBECEBACDAADEEDDEEDEBDAADABA;BACCCEADABCBDBDEBDEADEBEABECBCDCABDCBADC*BDBC;0;DDBACBDDDECDAEDCCCEDBDDCBDDCAAECEDDACCBAEDCDX;DECCADEBDECBBECDDCBACDBDEEDABCDDAEDBECECBCCBD;DCEAAEEEACAACBBEBEBAAADBBAEBCEDBAADADDEADEBDACCAAA;DABCCAEDBBCCCABCACCBDXCCCBEEEDBBACCDACBAEBAEC;1;120;120;120;120;120;600;B;D;B;B;4;B;D;B;C;A;B;B;A;A;A;A;A;A;B;B;A;E;A;A;B
200006316762;2020;5;M;1;3;1;2;0;2;;0;2311603;Reden��o;23;CE;2;1;1;2311603;Reden��o;23;CE;0;0;0;0;;;;;;;;;;;;;1;;;;;;;;;;;;C;C;B;B;4;B;A;B;C;A;A;B;A;A;A;A;A;A;B;A;A;B;A;A;A
200004206638;2020;10;M;0;3;1;1;8;1;;0;;;;;;;;1501303;Barcarena;15;PA;1;1;1;1;599;568;578;590;586.4;598.5;537.3;635.7;ACDDCDEDBACCEECADEEDBEADBEECDBDDDBBDADBBDACCD;BBCCEDEAEDAAABDCDDCBCCDCACCBDCDACAEECABDBAEED;99999DA*EABEBCEADAAADBCABEEDEBDEADBBCAEAACBBABDBED;CBDBAACDDBAAAABEACEEAECBAEBDBDBECCAEBDABBDBCB;1;CBDDDDCAAECEDDCEDBDDAEDECAEDCCDDDCBDCDXBAACCB;BDECBCCDEDDAEBDCDDCBBEDABCCBACDBDEECCADEDBECE;CDEAACAEEEBEBADADAAAAACBAEBDEADACDBBDBACECAAADEBBE;CABCAACCACDABEEEBAECXCCCEEDBACCDBCCABBCCBDDBB;1;80;120;140;140;80;560;E;E;C;B;2;B;A;B;B;A;B;B;A;A;A;A;A;A;B;A;A;C;A;A;B
200001456152;2020;9;M;1;3;1;1;7;1;;0;;;;;;;;3131307;Ipatinga;31;MG;0;0;0;0;;;;;;;;;;;;;0;;;;;;;;;;;;;;;;;;;;;;;;;;;;;;;;;;;;
200005300966;2020;4;M;1;2;1;2;0;2;1;0;2202000;Buriti dos Lopes;22;PI;2;1;1;2202000;Buriti dos Lopes;22;PI;1;1;1;1;600;570;579;589;422.7;456;521.9;373;AADACEBECDAEBAEEEBCEDADACABCDDABAADCECBAEADCD;BBDAEBEDADDBAACEBADAAADBABCABAAEAEBAADAABABBE;99999EEEDADBDCBABCBADEBADCEAABEAADADAEDAAEADDAACAA;BBAECDDEBDAAEBBEEEDCCBCDEADCCDEEAEBBBBABACABB;1;DCDXDCCAEBADCBAAEACCBCEDDCBDDDAEDDCDECCEDBDDD;BDDBECECBACDBDEEBDEDDAECDDCCADECBCCCBBEDABCDE;AACDEEEECADBBCAAADBADEABEBAAADEBADADAEBDACAACBBECE;BAECDBBXCCCBDBACCDBEEEBCCAABCCACEACCEDBCABCDA;1;100;40;40;120;40;340;B;B;A;B;5;B;B;B;B;A;A;B;A;A;A;A;A;A;A;A;A;B;A;A;A
200001208156;2020;9;F;1;3;1;1;5;1;;0;;;;;;;;3523107;Itaquaquecetuba;35;SP;0;0;0;0;;;;;;;;;;;;;1;;;;;;;;;;;;E;E;B;B;3;B;A;B;C;A;A;B;A;A;A;A;A;A;B;A;A;B;A;A;A
200002712965;2020;4;F;1;3;1;1;2;1;;0;;;;;;;;2606200;Goiana;26;PE;1;1;1;1;598;567;577;588;460.6;361.5;477.3;438.2;CECBDEABCEBCECEDDBBADCDACBDAABAEEDDAACDBEECCB;DEAACDDBDDBCBAECEDAACCCBBDBDBDBEDAEACCBCEEBAA;DECBC99999CADBDEAEBBAEBDEAAAEDDDEABCCCCEDEBCCDCABC;DADBCDBAEABAEADDCAEBCDDBABEACCCECCABBBCCDEEEC;0;CEDBDDDCACCBDAEBADCBDCDXAAECEDDDECDDCBDDAEDCC;DABCBDDDAEDBECECBBEDEBDEECBCCCBACDCCADEBDECDD;AAEDCACEEECEAACBAEBBEDACDBAADADDEBBEBAAADEACAAADBB;AEBCCXCCCACCDABCCABCABCBAECEDBBDBEEEDBBACCDAC;1;100;120;100;80;40;440;B;C;A;A;6;A;A;B;D;B;B;B;A;A;A;A;A;A;B;B;B;E;A;B;B
200006635187;2020;3;F;1;3;1;2;0;2;1;0;3106200;Belo Horizonte;31;MG;2;1;1;3106200;Belo Horizonte;31;MG;1;1;1;1;699;687;691;695;519.8;550.6;579.5;648.6;EDDAEBDECADECDEEABDDBBACEACCDEACEDCBDBEEACECC;EAACBCCDABCACEABABBBBABCBBBDEADADEEBDDBBACADC;CABDC99999DEBBBEBADDBDCCEAAAEADEDAACEECEDDBCADBCCB;CDEEEDBAEABDCBDBDADEACAEDEABDCBDCACBDADADBCCE;0;DEAAECBBCDCBAEBEEBDBCCACECCDACDABDDBADDECBEBA;EAAADBBEDBDACDBCCDEBDBBCBBADCAECDBABDBCBADEDB;CADDE99999DEBBBBBAADBECBEACCBECEDAEABEECBDCCADAACA;BABBDABAEEBACBACDEDEEXCACEBBADCBEABADCBADDCCE;1;120;180;120;120;100;640;;;;;;;;;;;;;;;;;;;;;;;;;
200002454016;2020;5;F;1;2;1;2;0;2;1;0;3202405;Guarapari;32;ES;2;1;1;3202405;Guarapari;32;ES;1;1;1;1;599;568;578;590;440.9;484.2;452;370.9;BBCBEDCADAACADDAABBDAEDECADDACECEDEDAEBCDEEBD;AEACADCADEDADBACEDAABAAACBDBABCADCDBACBCAACAA;99999AACADEAACCADABADBAAAEDAAAAAACAADBAABACCADEAAA;DCEDDBDEADBAACDBACAEBDEEBCCCBEECEDCAADCBAEBAC;1;CBDDDDCAAECEDDCEDBDDAEDECAEDCCDDDCBDCDXBAACCB;BDECBCCDEDDAEBDCDDCBBEDABCCBACDBDEECCADEDBECE;CDEAACAEEEBEBADADAAAAACBAEBDEADACDBBDBACECAAADEBBE;CABCAACCACDABEEEBAECXCCCEEDBACCDBCCABBCCBDDBB;1;40;40;40;80;40;240;H;B;F;B;4;B;A;B;C;A;A;B;A;B;A;B;A;A;B;A;A;C;A;A;A
200001319081;2020;7;F;1;3;2;1;4;1;;0;;;;;;;;1302603;Manaus;13;AM;1;1;1;1;679;648;658;670;503;514.6;456.4;477.8;CCAAEDBDCEDDBCBDBEBBADCABCDDBCDACCEBDBAAEDACE;CAABBCAECCBCEADCCDCAEABACABEBADEDAACCACEBDEAB;ECAED99999DEBCACEAEBDDBABDBEDABBCCBEBDEDAABEBDBEBB;BCDEACDBDCBCDCABADABEACCDBEDEDBCBADECDCCEEABD;0;AAADECDBEADCCDACXEDCABEEACCDBCECACEABDEBECDBE;DDBDBCEECBAABCDEABCEEAEDCDCBAEDEDCACAABEAEECD;EEEABDDAEDECDCCADDCADEAEEDBDBCCBCEDABDAEAAAEBEBEBA;CDAECAAEBBBCDADEBCECDBEADAADCEAEBDBDBAECBEDBA;1;140;200;120;120;120;700;E;E;B;B;4;B;A;B;C;A;A;B;A;B;B;A;A;A;B;A;A;C;A;A;A
200005602218;2020;7;M;1;2;1;1;2;1;;0;;;;;;;;2506301;Guarabira;25;PB;0;0;0;0;;;;;;;;;;;;;0;;;;;;;;;;;;D;D;C;C;4;B;A;B;C;A;A;B;A;A;A;A;A;A;B;A;A;B;A;A;B
200001612966;2020;2;M;1;3;2;3;0;1;;1;;;;;;;;5201108;An�polis;52;GO;1;1;1;1;598;567;577;588;512.9;426;468.2;549.1;CDDAEEDDBCABBEACDDEBDAEBAEAADABCEADBCDDAEACAB;BBDABDCACDBACCBEABDEDAACDCEBDABCEDABBECEDABCC;99999ABDEADDCBBBCEEBDADBCEDECACBDBECBDAEDACBACDDEB;DEADDABCDBBDCAECEBBBAECBBDCDBCEABEBECDCADBCDE;1;CEDBDDDCACCBDAEBADCBDCDXAAECEDDDECDDCBDDAEDCC;DABCBDDDAEDBECECBBEDEBDEECBCCCBACDCCADEBDECDD;AAEDCACEEECEAACBAEBBEDACDBAADADDEBBEBAAADEACAAADBB;AEBCCXCCCACCDABCCABCABCBAECEDBBDBEEEDBBACCDAC;1;80;100;80;80;80;420;D;D;C;C;3;C;A;B;D;A;A;B;B;B;A;B;A;A;B;A;A;D;A;B;B
200001129927;2020;15;M;1;5;1;1;14;1;;0;;;;;;;;2927408;Salvador;29;BA;1;0;0;1;701;;;697;465.8;;;396.8;ADCCDDDDECAAEBABCCDCCABDCDCECACCCBEDEEEDCBCBD;;;EDBCABDADBDCDDECCAAEBDDCEDDACDBCABAADCECECDBD;1;ABCEBABCDACCDBBCDABDBEEEBECACCCDAEDBCEADDAEBD;;;DABDBAABBEABDBCCCECADCBAEBACEXBDECEEADCDBAABE;;;;;;;;;;;;;;;;;;;;;;;;;;;;;;;;
200003155915;2020;3;M;1;3;1;1;1;1;;0;;;;;;;;2609600;Olinda;26;PE;1;1;1;1;600;570;579;589;585.3;578.4;546.5;734.5;DCEADCCADBBDCEACEABEBCCEAAEDEEAECDCAECDDEDEED;BBDBDEEAEDEDADAEEBDDDADCDCCBBBECDDCCACECBCADE;AAECC99999DCEBCEADAADABBDBACADABCECDEEABECDAADBDDA;CAECDABECCCADBACCDBEBEDCCBACDDABEDCEE*ACBDCCA;0;DCDXDCCAEBADCBAAEACCBCEDDCBDDDAEDDCDECCEDBDDD;BDDBECECBACDBDEEBDEDDAECDDCCADECBCCCBBEDABCDE;AACDEEEECADBBCAAADBADEABEBAAADEBADADAEBDACAACBBECE;BAECDBBXCCCBDBACCDBEEEBCCAABCCACEACCEDBCABCDA;1;160;180;200;160;200;900;C;E;B;B;3;D;A;B;C;A;A;B;A;A;A;B;A;A;B;A;A;D;A;A;B
200002578698;2020;12;F;1;2;1;1;14;1;;0;;;;;;;;2111300;S�o Lu�s;21;MA;0;0;0;0;;;;;;;;;;;;;1;;;;;;;;;;;;E;E;C;B;2;B;A;B;B;A;A;B;A;A;A;A;A;A;A;A;A;C;A;B;B
200005949967;2020;5;M;1;1;1;1;2;1;;0;;;;;;;;2304400;Fortaleza;23;CE;0;0;0;0;;;;;;;;;;;;;1;;;;;;;;;;;;E;H;F;B;4;F;A;C;E;B;A;B;A;B;A;B;A;A;B;A;B;D;A;B;B
200001388215;2020;2;M;1;3;1;3;0;1;;1;;;;;;;;1600303;Macap�;16;AP;1;1;1;1;597;569;580;587;454.9;500;517.8;599.4;CDDACEEABDDEAEEDDBABBEBCEDACCDEAADDBAADCCDCAE;AEECDAADECBBBACCDCEDCBAEDBCABAEAAADAA*EDACCBE;99999DACBAABCABDACEADADBCAECAAEBAECBDAECDDAACBCACA;ADDCBBEDBDEEDAEADEDEEABADCBAEADBBEDCCABAEBABC;1;DDBACBDDDECDAEDCCCEDBDDCBDDCAAECEDDACCBAEDCDX;DECCADEBDECBBECDDCBACDBDEEDABCDDAEDBECECBCCBD;DCEAAEEEACAACBBEBEBAAADBBAEBCEDBAADADDEADEBDACCAAA;DABCCAEDBBCCCABCACCBDXCCCBEEEDBBACCDACBAEBAEC;1;80;120;100;120;120;540;B;B;B;B;3;B;A;B;B;A;A;B;B;A;A;A;A;A;B;A;A;B;A;A;A
200005059841;2020;11;F;1;3;1;1;10;1;;0;;;;;;;;2908101;Cocos;29;BA;0;0;0;0;;;;;;;;;;;;;1;;;;;;;;;;;;H;E;A;B;2;B;A;B;C;A;A;B;A;A;A;A;A;A;B;B;A;B;A;A;B
200002186164;2020;2;F;1;3;1;2;0;2;1;0;3304557;Rio de Janeiro;33;RJ;2;1;1;3304557;Rio de Janeiro;33;RJ;1;1;1;1;599;568;578;590;471.8;535.4;554.2;538.6;BCCBEABCEECCAACCBBDAACCDEDCBCDBDAABDBDDABCEBC;ABDCACCAEDAAECDCEDCAEAECAAAEDCDAEABEABDBDDDEB;99999ADDBBABBDCCDACADAEBAEAACEBADDADDAACCCCCADEBBB;ABDBCCCCBEAAADDBBDACCAEDCEECCDDECCCDDBDCEDADC;1;CBDDDDCAAECEDDCEDBDDAEDECAEDCCDDDCBDCDXBAACCB;BDECBCCDEDDAEBDCDDCBBEDABCCBACDBDEECCADEDBECE;CDEAACAEEEBEBADADAAAAACBAEBDEADACDBBDBACECAAADEBBE;CABCAACCACDABEEEBAECXCCCEEDBACCDBCCABBCCBDDBB;1;120;120;120;120;80;560;C;C;B;B;2;B;A;B;C;A;A;B;B;A;A;B;A;A;C;A;A;C;A;B;B
200004434310;2020;5;F;1;2;1;1;0;1;;0;;;;;;;;2800308;Aracaju;28;SE;1;1;1;1;701;690;694;697;511.4;471.1;530.3;416.9;AABBDADDBDBCCEBACDBEBBBBBDCBEADACEBCEAADBABAA;ADDAAAEAEECDCACDCBBCBCCCBCBDBAAAECCADDDCDDDAA;99999EBDBABCCADECCDDADDEDACCAABBCABDDCAADBDAACEAAD;EBABBCEEDACEDAABADBABBCEDAEAEBBEDBECDBAEABCBC;1;ABCEBABCDACCDBBCDABDBEEEBECACCCDAEDBCEADDAEBD;DBADDCDEEBCABDAEBBBCDABDCBBAAECBEDCBADBBDBDAC;99999ECDBDBDCADAACDAABEBCABEAACBEDBBBEECCBCBECEEAD;DABDBAABBEABDBCCCECADCBAEBACEXBDECEEADCDBAABE;1;120;40;80;80;20;340;;;;;;;;;;;;;;;;;;;;;;;;;
200006293124;2020;5;M;1;3;1;1;3;1;;0;;;;;;;;2709301;Uni�o dos Palmares;27;AL;1;1;1;1;597;569;580;587;485.6;482.9;541.7;392;ECBCEDBCCCADAEDACEEEBCECCDCECBACEACBCCBDCDADC;AEABCADCCDACDECEDDBAACACEABAACCEAABCBAEDDDCBD;99999EAECDDACDBDADBBAADBEAABCADEAAAADAAEDDDAADCCAD;BEDDEDEDCCDCBDCBCACDDCAAADBBEDECAEAEBCBEDADBE;1;DDBACBDDDECDAEDCCCEDBDDCBDDCAAECEDDACCBAEDCDX;DECCADEBDECBBECDDCBACDBDEEDABCDDAEDBECECBCCBD;DCEAAEEEACAACBBEBEBAAADBBAEBCEDBAADADDEADEBDACCAAA;DABCCAEDBBCCCABCACCBDXCCCBEEEDBBACCDACBAEBAEC;1;120;120;120;120;80;560;B;A;C;A;5;B;A;B;C;A;A;B;A;A;A;A;A;A;B;A;A;C;A;A;A
200003327190;2020;13;F;1;3;1;1;14;1;;0;;;;;;;;2611606;Recife;26;PE;0;0;0;0;;;;;;;;;;;;;1;;;;;;;;;;;;;;;;;;;;;;;;;;;;;;;;;;;;
200004339238;2020;5;F;1;3;1;1;2;1;;0;;;;;;;;3550308;S�o Paulo;35;SP;0;0;0;0;;;;;;;;;;;;;0;;;;;;;;;;;;E;E;C;B;2;C;A;B;C;A;A;B;A;B;A;B;A;A;B;B;A;C;A;A;B
200002760431;2020;5;M;1;1;1;1;2;1;;0;;;;;;;;3541307;Presidente Epit�cio;35;SP;0;0;0;0;;;;;;;;;;;;;0;;;;;;;;;;;;B;F;C;B;3;B;A;B;C;A;B;B;B;A;A;B;A;A;B;A;A;C;A;B;B
200003841518;2020;13;F;3;3;1;1;14;1;;0;;;;;;;;2304400;Fortaleza;23;CE;0;0;0;0;;;;;;;;;;;;;1;;;;;;;;;;;;;;;;;;;;;;;;;;;;;;;;;;;;
200003838320;2020;7;F;1;3;1;1;5;1;;0;;;;;;;;3301702;Duque de Caxias;33;RJ;1;1;1;1;700;688;692;696;494.9;520.7;545.7;411.8;EABBECAEAEDEBBBEEEADDBDAACEAEEBABAECECBEACDCC;ADBDAAEBDACDDCDBCBDEEDDEDCAEBDEDDDDBEDBACBABE;99999AEECDCAEABBBEEBBCEEEEACDBDCAEAACBABBEDCCEDEDA;ECBDEBDCDDABAEBBEAABCBDDACACDDADEDCBDAADBCBBE;1;BDECCACBEBDEAEDAECCBAEABCCEADDBBCADCBDDEBDBAC;DABCCAECBABECADBDCCABDBCDDAABDBAEBEBBDBDDBDBE;99999BDCEDAEEABCBABBBBDCEEEADCCBECEACBADBCDDBCAEAA;EBDBXCCDAEECBAABABAEDDEDAECBCDCADEEBBABBACBCA;1;120;120;120;120;120;600;;;;;;;;;;;;;;;;;;;;;;;;;
200004788015;2020;16;M;2;3;1;1;0;1;;0;;;;;;;;2208403;Piripiri;22;PI;0;0;0;0;;;;;;;;;;;;;0;;;;;;;;;;;;B;B;A;A;3;A;A;B;C;A;B;B;A;A;A;A;A;A;B;A;A;C;A;B;A
200002108921;2020;8;F;1;2;1;1;6;1;;0;;;;;;;;2927408;Salvador;29;BA;0;0;0;0;;;;;;;;;;;;;1;;;;;;;;;;;;;;;;;;;;;;;;;;;;;;;;;;;;
200002691368;2020;6;M;1;3;1;1;1;1;;0;;;;;;;;3205309;Vit�ria;32;ES;0;0;0;0;;;;;;;;;;;;;0;;;;;;;;;;;;;;;;;;;;;;;;;;;;;;;;;;;;
200003202589;2020;4;F;1;1;1;1;2;1;;0;;;;;;;;2606408;Gravat�;26;PE;1;1;1;1;597;569;580;587;598.9;649.9;602;701.4;DDEEBBDCAECEAADCCCADCBDEBDDCADACCDBAEEBDBDACB;DECDAEDBDEC*BCBDDCBACDAAAEACBCDDAABEAEECACABD;99999EEAADDBBBBEAEBAEADBBCEDCADBAEAADEEBEEBDAACCCD;DACCBCEDCDECCEBBABABDBDCACBEBBABDCCDAEBAEBADC;1;DDBACBDDDECDAEDCCCEDBDDCBDDCAAECEDDACCBAEDCDX;DECCADEBDECBBECDDCBACDBDEEDABCDDAEDBECECBCCBD;DCEAAEEEACAACBBEBEBAAADBBAEBCEDBAADADDEADEBDACCAAA;DABCCAEDBBCCCABCACCBDXCCCBEEEDBBACCDACBAEBAEC;1;160;180;200;200;200;940;E;C;F;A;2;B;A;B;C;A;A;B;A;A;A;A;A;A;B;B;A;C;A;B;B
200002706142;2020;4;F;1;2;1;1;2;1;;0;;;;;;;;3550308;S�o Paulo;35;SP;1;1;1;1;598;567;577;588;529.2;599.4;632.4;479.3;EAEEDECCBEBBDCDDBDBEDBEEABDCADDEDDDCACDBBCCBA;DBCCCBDCADDCECEEAECBEDCEACBCCCBABDCCBADCBBCDB;DAEAC99999CEDACBAEABDDACDAACDBDDDCBEBACAEEBCEDADBC;AEECACDABBEABABCCBABCBBADEBDECABDDCBCBCADCABD;0;CEDBDDDCACCBDAEBADCBDCDXAAECEDDDECDDCBDDAEDCC;DABCBDDDAEDBECECBBEDEBDEECBCCCBACDCCADEBDECDD;AAEDCACEEECEAACBAEBBEDACDBAADADDEBBEBAAADEACAAADBB;AEBCCXCCCACCDABCCABCABCBAECEDBBDBEEEDBBACCDAC;1;120;200;120;120;120;680;E;D;B;B;3;E;A;C;C;A;A;B;B;A;A;B;A;A;B;A;A;D;A;B;B
200006791969;2020;11;M;2;1;1;1;0;1;;0;;;;;;;;5300108;Bras�lia;53;DF;0;0;0;0;;;;;;;;;;;;;1;;;;;;;;;;;;;;;;;;;;;;;;;;;;;;;;;;;;
200003013504;2020;4;F;1;1;1;1;2;1;;0;;;;;;;;2304400;Fortaleza;23;CE;1;1;1;1;599;568;578;590;595.9;669.9;580.8;664;CDDDEABAEACCDCAAEBEBAEBECBCDCBDDDAEDAACEDACAB;BDECACCDEDDAABDCDDEBBEEDBCCEAEDADABECABEDBDEE;CADAA99999CEBBECDBCADABBCAEACAAAEDDDDAACBCAEADDBBE;CBBCABDDCECACEBEBABCCACCAEEAAECDBCAEAABAADBDC;0;CBDDDDCAAECEDDCEDBDDAEDECAEDCCDDDCBDCDXBAACCB;BDECBCCDEDDAEBDCDDCBBEDABCCBACDBDEECCADEDBECE;CDEAACAEEEBEBADADAAAAACBAEBDEADACDBBDBACECAAADEBBE;CABCAACCACDABEEEBAECXCCCEEDBACCDBCCABBCCBDDBB;1;160;40;40;120;40;400;D;D;B;B;4;D;A;B;C;B;A;B;B;B;A;A;A;B;B;A;A;E;A;B;B
200004309502;2020;5;F;1;3;1;1;3;1;;0;;;;;;;;2918407;Juazeiro;29;BA;0;0;0;0;;;;;;;;;;;;;1;;;;;;;;;;;;E;D;A;A;7;B;A;B;C;A;A;B;A;A;A;A;A;A;B;A;A;B;B;A;B
200004090925;2020;12;F;1;1;1;1;0;1;;0;;;;;;;;4309209;Gravata�;43;RS;0;0;0;0;;;;;;;;;;;;;1;;;;;;;;;;;;B;B;C;B;2;A;A;B;C;A;A;B;B;B;A;B;A;B;C;A;A;C;A;B;B
200003043997;2020;3;F;1;2;1;2;0;2;1;0;;;;;;;;2908200;Concei��o da Feira;29;BA;1;1;1;1;597;569;580;587;615.9;651;628.9;517.2;DCDACADCDDAEAEDCCDEDEDDBDEDCABECCDEBCBBBCDCAD;DECCAAEBDCCABBCDDCEDCDBCADECBCDDAADDACBCACCBD;AECAA99999CBABBEBECADADBDBCEAEDDAADCDDEBDEBDACCAEA;CAADABECDBACCBE.ACBDC*ACBDEBDCAEBCADBBCABEACB;0;DDBACBDDDECDAEDCCCEDBDDCBDDCAAECEDDACCBAEDCDX;DECCADEBDECBBECDDCBACDBDEEDABCDDAEDBECECBCCBD;DCEAAEEEACAACBBEBEBAAADBBAEBCEDBAADADDEADEBDACCAAA;DABCCAEDBBCCCABCACCBDXCCCBEEEDBBACCDACBAEBAEC;1;120;140;120;140;180;700;D;D;B;C;3;B;A;B;C;A;A;B;B;B;A;B;A;B;B;A;A;C;A;B;B
200006475325;2020;11;F;1;1;1;1;8;1;;0;;;;;;;;4314407;Pelotas;43;RS;0;1;1;0;;568;578;;;578.5;548.1;;;CDDCEEBBEDDACBDCDBDACEEAABCCDCDBDEDDBCACCCABE;99999DCEEEEDBDEEDAEDAACBCEEDEBDABDBDCDAAACCCCEDEBC;;1;;BDECBCCDEDDAEBDCDDCBBEDABCCBACDBDEECCADEDBECE;CDEAACAEEEBEBADADAAAAACBAEBDEADACDBBDBACECAAADEBBE;;1;140;120;120;140;40;560;H;C;F;B;2;C;A;B;C;A;A;B;A;B;A;A;A;A;B;A;A;B;A;A;A
200006494737;2020;4;F;0;2;1;1;2;1;;0;;;;;;;;1502202;Capanema;15;PA;0;0;0;0;;;;;;;;;;;;;1;;;;;;;;;;;;B;E;A;B;4;B;A;B;B;A;A;B;A;A;A;A;A;A;A;A;A;B;A;A;A
200003096603;2020;3;F;1;2;1;2;0;2;1;0;5300108;Bras�lia;53;DF;2;1;1;5300108;Bras�lia;53;DF;1;1;1;1;599;568;578;590;492.2;556.1;619.7;473.5;CBEACCCB.AEECDDECECBDE.DAE.CADEDCADDCECD.ACBB;ADDEEECEAD.ADBDCDDEACDDD.ECEABDDCAECEC.BDEDEE;99999.AECEAEBAECDACABEBBBEDEEBDCCDB.BAACECA.ADEBBE;B.CBCDCDBBAE.BAADA.CAAEBEEDA.ABDCB.EC.BA.ECAB;1;CBDDDDCAAECEDDCEDBDDAEDECAEDCCDDDCBDCDXBAACCB;BDECBCCDEDDAEBDCDDCBBEDABCCBACDBDEECCADEDBECE;CDEAACAEEEBEBADADAAAAACBAEBDEADACDBBDBACECAAADEBBE;CABCAACCACDABEEEBAECXCCCEEDBACCDBCCABBCCBDDBB;1;140;180;140;160;100;720;D;E;B;B;2;B;A;B;B;A;A;B;A;A;A;A;A;A;B;A;A;C;A;A;B
200002297104;2020;3;F;1;3;1;2;0;2;1;0;;;;;;;;2402006;Caic�;24;RN;1;1;1;1;599;568;578;590;411.2;397.3;421.8;445.2;BACCACDDCEACDCEACBCABEDDCEBCCCACEDDCBDEBDBBEB;DEAEEDBCDCAABBADACACABAEDBBEADCBCAABAADAEAEAE;99999CCDECAABCCBDEAACBBBDECEAECADCBAADDCACBBBEAAEA;BDECDCCAACABDBDBBAEADCBBCCDCDDAECBDDCBDBBADCE;1;CBDDDDCAAECEDDCEDBDDAEDECAEDCCDDDCBDCDXBAACCB;BDECBCCDEDDAEBDCDDCBBEDABCCBACDBDEECCADEDBECE;CDEAACAEEEBEBADADAAAAACBAEBDEADACDBBDBACECAAADEBBE;CABCAACCACDABEEEBAECXCCCEEDBACCDBCCABBCCBDDBB;1;120;200;140;120;140;720;B;E;B;B;3;A;A;B;B;A;A;B;A;A;A;A;A;A;B;A;A;C;A;A;B
200005456560;2020;7;M;1;3;1;1;5;1;;0;;;;;;;;1501402;Bel�m;15;PA;0;1;1;0;;689;693;;;541.1;568;;;BCEDCCBCDAEBCDBDBEAABCACEBBDBBCADCCDADECDBDEC;EDACD99999BEEDBAEDDCECCABECBAACDDBDACAADADAACDEDBC;;0;;BCEECDBCCDEBDBBBBEAAAEACBCDDDBDDBABDABDDBAABC;EDACD99999BEEDBAEDBCECCACCADCEBBCBEABCADAABBAEDBEA;;1;100;40;40;120;40;340;;;;;;;;;;;;;;;;;;;;;;;;;
200003768597;2020;4;F;1;3;1;1;1;1;;0;;;;;;;;2207702;Parna�ba;22;PI;0;0;0;0;;;;;;;;;;;;;0;;;;;;;;;;;;H;H;B;B;4;B;A;B;C;A;A;B;A;A;A;A;A;A;C;A;A;E;A;A;B
200002946730;2020;12;F;2;3;1;1;14;1;;0;;;;;;;;2704302;Macei�;27;AL;0;0;0;0;;;;;;;;;;;;;1;;;;;;;;;;;;B;B;C;B;5;C;A;B;C;B;A;B;A;B;A;A;B;A;B;A;B;B;A;A;B
200004806720;2020;14;F;1;3;1;1;14;1;;0;;;;;;;;3304557;Rio de Janeiro;33;RJ;0;0;0;0;;;;;;;;;;;;;0;;;;;;;;;;;;C;C;F;B;2;B;A;B;B;A;A;B;B;B;A;B;A;A;B;A;A;C;B;A;B
200004057211;2020;12;F;2;1;1;1;13;1;;0;;;;;;;;3549409;S�o Joaquim da Barra;35;SP;0;0;0;0;;;;;;;;;;;;;0;;;;;;;;;;;;F;E;A;B;3;C;A;B;D;A;A;B;B;B;A;B;A;A;B;A;A;C;A;A;B
200002982489;2020;12;F;1;2;1;1;0;1;;0;;;;;;;;3303203;Nil�polis;33;RJ;0;0;0;0;;;;;;;;;;;;;1;;;;;;;;;;;;B;C;B;B;2;C;A;B;B;A;A;B;A;A;A;B;A;A;B;A;A;C;B;A;B
200003421389;2020;10;M;1;2;1;1;5;1;;0;;;;;;;;5300108;Bras�lia;53;DF;0;0;0;0;;;;;;;;;;;;;1;;;;;;;;;;;;;;;;;;;;;;;;;;;;;;;;;;;;
200001702535;2020;4;F;1;3;1;1;2;1;;0;;;;;;;;2803203;Itaporanga d'Ajuda;28;SE;1;1;1;1;597;569;580;587;399.8;516.6;530.9;484.6;EDBDECCBBDEBACBADDABBABEBCCECEADADEAECDDDBBCA;BEBECACCAABADBCADEEDEDBDCBDAEAADACCEBECCAACBE;99999EDEDCADAAADBCCCBDDBDAEEECDAAEEADDAADEBBDBCCDA;CBCCDADDCBEBBDDDCCACEEDCADDAACEDEADCBABEEBDBE;1;DDBACBDDDECDAEDCCCEDBDDCBDDCAAECEDDACCBAEDCDX;DECCADEBDECBBECDDCBACDBDEEDABCDDAEDBECECBCCBD;DCEAAEEEACAACBBEBEBAAADBBAEBCEDBAADADDEADEBDACCAAA;DABCCAEDBBCCCABCACCBDXCCCBEEEDBBACCDACBAEBAEC;1;100;80;60;80;20;340;C;C;A;A;6;B;A;B;C;A;A;B;A;A;A;A;A;A;B;A;A;C;A;A;B
200005912646;2020;13;F;2;3;1;1;14;1;;0;;;;;;;;5214606;Niquel�ndia;52;GO;1;1;1;1;597;569;580;587;547.6;579.2;514.7;568.6;DDDDABDCBDCBAEACCEBCBECDBEACAEACEABCCADABDCBE;DECDAEDACDEABEADDCDABDEBBDAAACDAAAD.DCECBDABD;99999ADEADDDCBEBCCBACADCAACADBCBADCEDDECDDAABBCCDA;AAECBBBDDEDDCBBBDDDACADCCCDBBBABEDBECBBEEBEBC;1;DDBACBDDDECDAEDCCCEDBDDCBDDCAAECEDDACCBAEDCDX;DECCADEBDECBBECDDCBACDBDEEDABCDDAEDBECECBCCBD;DCEAAEEEACAACBBEBEBAAADBBAEBCEDBAADADDEADEBDACCAAA;DABCCAEDBBCCCABCACCBDXCCCBEEEDBBACCDACBAEBAEC;1;120;160;140;160;180;760;D;G;C;D;3;B;A;B;C;A;A;B;A;A;A;A;A;A;B;A;A;B;B;A;A
200004626555;2020;3;M;1;1;1;1;1;1;;0;;;;;;;;3171303;Vi�osa;31;MG;1;1;1;1;597;569;580;587;466.6;474;503.5;555.1;DCACCBBBDDCDAEEACDAEEEDCEBCBACDDEEBCCDCEBDEEA;AEEACADBCDCABDCDABBABDDECEBCACAABDDECEECBADCE;ABDAA99999ABCABEECABAACBCAEEAAECEDAECDABCEADBDCABA;CABDBBDDACBDCBBABCBAACBCDCCCBBCADCBDBDBDEBADC;0;DDBACBDDDECDAEDCCCEDBDDCBDDCAAECEDDACCBAEDCDX;DECCADEBDECBBECDDCBACDBDEEDABCDDAEDBECECBCCBD;DCEAAEEEACAACBBEBEBAAADBBAEBCEDBAADADDEADEBDACCAAA;DABCCAEDBBCCCABCACCBDXCCCBEEEDBBACCDACBAEBAEC;1;120;120;120;140;140;640;E;E;A;B;4;D;A;C;D;B;B;B;B;B;A;B;A;B;C;A;A;E;A;B;B
200005692553;2020;4;M;1;2;1;1;1;1;;0;;;;;;;;3106200;Belo Horizonte;31;MG;1;1;1;1;598;567;577;588;578.9;596.5;604.6;641.6;DABBEACDACACBEEDCDBEDCAAADACBDBCDCDDCEDBECCCC;AABABDDAAADAECBCEEEAEDDAECACCEEDBDABABDABEBDD;DACAC99999CDAACBDEABADCBDAECEADDDBCEBAEADEACCCADBA;AEDBCECCAECBAACCBEBCDDACDACCEAADCCCEBBBACAEEB;0;CEDBDDDCACCBDAEBADCBDCDXAAECEDDDECDDCBDDAEDCC;DABCBDDDAEDBECECBBEDEBDEECBCCCBACDCCADEBDECDD;AAEDCACEEECEAACBAEBBEDACDBAADADDEBBEBAAADEACAAADBB;AEBCCXCCCACCDABCCABCABCBAECEDBBDBEEEDBBACCDAC;1;120;180;140;160;160;760;H;H;A;B;3;B;A;B;C;A;A;B;A;B;A;A;A;A;B;B;A;C;A;B;B
200004401576;2020;11;F;1;3;1;1;0;1;;0;;;;;;;;3526902;Limeira;35;SP;0;0;0;0;;;;;;;;;;;;;0;;;;;;;;;;;;;;;;;;;;;;;;;;;;;;;;;;;;
200001284159;2020;3;M;1;3;1;2;0;2;1;0;;;;;;;;2307304;Juazeiro do Norte;23;CE;1;1;1;1;598;567;577;588;561.3;561.7;567.9;636.3;DAEEDEACBCCBECCABDBBDBBAADECCDBCDADCBCDBDECBC;BBEABDEDABDCECBCBCEBEACAECAEABBDDDAACADEDECDA;AADDA99999BADBCABEABDEACDAECECDDABDEBBAABBACAEADBD;EBADAEDCCBCBDACCDCACEDDBABCABBEDCCCEBEBCCCEBC;0;CEDBDDDCACCBDAEBADCBDCDXAAECEDDDECDDCBDDAEDCC;DABCBDDDAEDBECECBBEDEBDEECBCCCBACDCCADEBDECDD;AAEDCACEEECEAACBAEBBEDACDBAADADDEBBEBAAADEACAAADBB;AEBCCXCCCACCDABCCABCABCBAECEDBBDBEEEDBBACCDAC;1;160;200;160;160;160;840;C;E;B;B;5;B;A;B;C;A;A;B;A;A;A;A;A;A;B;A;A;B;A;A;B
200006051174;2020;4;M;1;1;1;1;1;1;;0;;;;;;;;3304557;Rio de Janeiro;33;RJ;0;0;0;0;;;;;;;;;;;;;0;;;;;;;;;;;;B;E;C;D;7;F;A;B;D;B;A;B;A;B;A;B;A;A;C;A;B;E;A;A;B
200003043036;2020;11;M;1;2;1;1;8;1;;0;;;;;;;;3146107;Ouro Preto;31;MG;0;1;1;0;;568;578;;;569.4;575.1;;;BDACADCDEECAABDEEDBACEBADECEADDDCAEBCAADDCDCE;99999DCCCCBCBAEADEDACBABAADEECDACDBEDAACABABADDBBE;;1;;BDECBCCDEDDAEBDCDDCBBEDABCCBACDBDEECCADEDBECE;CDEAACAEEEBEBADADAAAAACBAEBDEADACDBBDBACECAAADEBBE;;1;80;120;120;120;40;480;E;E;C;B;7;C;A;B;E;A;A;B;A;B;A;A;A;A;D;A;B;E;B;C;B
200002732724;2020;5;M;1;2;1;1;2;1;;0;;;;;;;;3506003;Bauru;35;SP;0;0;0;0;;;;;;;;;;;;;1;;;;;;;;;;;;E;B;D;B;6;B;A;E;E;C;B;C;C;B;A;A;A;A;D;B;B;E;B;B;B
200006379261;2020;3;F;1;3;1;1;1;1;;0;;;;;;;;2915601;Itamaraju;29;BA;1;1;1;1;600;570;579;589;391;474.6;510.9;437.1;CACACBDBCDCCDAECABEBDDCAEAABADADDACDCCDACCDED;DDBDBCEEBDAEDBBACBCDDEDAEDBBACECECCCADBACCABE;AADCD99999DACCACABABACACEBACADABDAAAEEBCDADACEEDEB;DEBEABBDAEDCEBECBCDEBACECBEDCBBCEACBBCCBDCCDC;0;DCDXDCCAEBADCBAAEACCBCEDDCBDDDAEDDCDECCEDBDDD;BDDBECECBACDBDEEBDEDDAECDDCCADECBCCCBBEDABCDE;AACDEEEECADBBCAAADBADEABEBAAADEBADADAEBDACAACBBECE;BAECDBBXCCCBDBACCDBEEEBCCAABCCACEACCEDBCABCDA;1;120;80;120;180;120;620;B;B;A;B;4;B;A;B;C;B;A;B;A;A;A;B;A;A;B;A;A;D;A;A;B
200002540427;2020;12;F;1;3;2;1;14;1;;0;;;;;;;;1506807;Santar�m;15;PA;0;0;0;0;;;;;;;;;;;;;1;;;;;;;;;;;;;;;;;;;;;;;;;;;;;;;;;;;;
200002311331;2020;6;F;1;3;1;1;0;1;;0;;;;;;;;2904902;Cachoeira;29;BA;1;1;1;1;600;570;579;589;465.6;475.1;449.9;481.8;EBEACBDACEDBBACBEACDBCEADBCEADADBCABEDCABEEDC;BACEDCEABDECADBABDECCACDDABBEEACEBDAEBECDABCD;99999DBCACDBDEACBDAADEACDCACABDECABADEECBCADAAACBD;BADECDBACEBAEDCCACBBDEDDABECEADCDEBACEABDEACA;1;DCDXDCCAEBADCBAAEACCBCEDDCBDDDAEDDCDECCEDBDDD;BDDBECECBACDBDEEBDEDDAECDDCCADECBCCCBBEDABCDE;AACDEEEECADBBCAAADBADEABEBAAADEBADADAEBDACAACBBECE;BAECDBBXCCCBDBACCDBEEEBCCAABCCACEACCEDBCABCDA;1;140;80;100;120;40;480;E;C;C;B;2;A;A;B;B;A;A;A;A;A;A;A;A;A;A;A;A;B;A;A;B
200005096800;2020;4;F;1;3;1;1;1;1;;0;;;;;;;;3543402;Ribeir�o Preto;35;SP;1;1;1;1;597;569;580;587;488.9;486;560.2;539.1;EDEAEECDBDDACDCEDBAABECDBAAECECCCDEBCCDAEDAEA;BEAACDDEBACBCECDDDDBDDBACEEBAAECDDDEBADEACBBD;DABAA99999DBEBBDDCBADADBBEAAAADCADECCDEBDABDCDCBED;AEBDBAECADABCEEDBCBBDAACCADEEBDCDCDEADBDDDBAD;0;DDBACBDDDECDAEDCCCEDBDDCBDDCAAECEDDACCBAEDCDX;DECCADEBDECBBECDDCBACDBDEEDABCDDAEDBECECBCCBD;DCEAAEEEACAACBBEBEBAAADBBAEBCEDBAADADDEADEBDACCAAA;DABCCAEDBBCCCABCACCBDXCCCBEEEDBBACCDACBAEBAEC;1;120;40;40;120;40;360;E;D;C;B;6;D;A;B;C;A;A;B;B;B;A;A;A;A;B;A;B;D;A;B;B
200001399473;2020;13;F;1;1;1;1;0;1;;0;;;;;;;;4315602;Rio Grande;43;RS;0;0;0;0;;;;;;;;;;;;;1;;;;;;;;;;;;C;B;C;B;1;B;A;B;B;A;A;B;A;A;A;A;A;A;B;A;A;B;B;A;B
200006123011;2020;5;F;1;1;1;2;0;2;1;0;4313102;Nova Palma;43;RS;2;1;1;4316907;Santa Maria;43;RS;0;1;1;0;;569;580;;;586.5;585.1;;;.DDBA...DE.AA.CDDA.DCDA...EDA.DDA.DAEEBCACABD;BADAA99999CECBBAADBAAADB.AE.ACDAAC.ADDA.DECD.CC.DA;;0;;DECCADEBDECBBECDDCBACDBDEEDABCDDAEDBECECBCCBD;DCEAAEEEACAACBBEBEBAAADBBAEBCEDBAADADDEADEBDACCAAA;;1;180;200;180;200;200;960;C;C;B;B;5;B;A;B;D;A;A;B;B;B;A;A;A;A;B;A;A;C;A;B;B
200003602618;2020;6;M;1;3;1;1;2;1;;0;;;;;;;;5208707;Goi�nia;52;GO;1;1;1;1;599;568;578;590;375.2;402.8;430.8;346.2;AEBBECECCEDADCEBACEBEADEBBDBDDADCAEBDEBEEBAAD;ABDDBBDCBBAEDBDCABDEABADCBDEECABEDBDADBDDBBBE;99999DDEBBEAABACEBCEDBEBAEDBDEACAABEADABABCECDBEBB;CDEABCEBBCECBDABDCEDCACDDABACABDBAEBCEBBBCBAD;1;CBDDDDCAAECEDDCEDBDDAEDECAEDCCDDDCBDCDXBAACCB;BDECBCCDEDDAEBDCDDCBBEDABCCBACDBDEECCADEDBECE;CDEAACAEEEBEBADADAAAAACBAEBDEADACDBBDBACECAAADEBBE;CABCAACCACDABEEEBAECXCCCEEDBACCDBCCABBCCBDDBB;1;120;40;40;100;0;300;B;B;C;B;3;B;A;B;C;A;A;B;A;A;A;A;A;A;B;B;A;B;A;A;A
200002619551;2020;9;F;1;1;1;1;6;1;;0;;;;;;;;3513009;Cotia;35;SP;0;0;0;0;;;;;;;;;;;;;0;;;;;;;;;;;;A;C;F;B;6;F;A;B;C;B;A;B;A;B;A;B;A;B;B;A;A;C;A;A;B
200001465201;2020;4;F;1;3;1;1;1;1;;0;;;;;;;;2927408;Salvador;29;BA;1;1;1;1;701;690;694;697;512.2;617.7;616.4;539.6;AEEEADBCDBBCDBEDEBBCDECBCCDCCDDACBDECDBAEECBD;DBAEBCBCEBCABEAEDBBCBBDBCBAAEBCBBCCBAABDDBEAA;99999ECDBDBDCBDADCDAABCBCAAAAABBEDEDAEAECDAEAEEEDB;ACCDBBBAADCECBBCEEAEDAAADBBEBCAEACDABBCCEDBBE;1;ABCEBABCDACCDBBCDABDBEEEBECACCCDAEDBCEADDAEBD;DBADDCDEEBCABDAEBBBCDABDCBBAAECBEDCBADBBDBDAC;99999ECDBDBDCADAACDAABEBCABEAACBEDBBBEECCBCBECEEAD;DABDBAABBEABDBCCCECADCBAEBACEXBDECEEADCDBAABE;1;120;80;120;140;160;620;;;;;;;;;;;;;;;;;;;;;;;;;
200005195732;2020;13;M;1;3;1;1;14;1;;0;;;;;;;;2304400;Fortaleza;23;CE;1;1;1;1;598;567;577;588;362.9;437.7;346.1;431.8;DABACBAACBCADCACBABDCDABCDABDACDBEDCECDBCADBB;ACACBBDBDACABDCDCDBCEBDACDAECAEBACBDCBACBACAD;99999DBCBCDDABCEACBECBCDCAABCDABACDBABADBADCDCECDB;CDCABDBCDABCDACBCBCBDECDADBBCBDACBCADBCACDDCB;1;CEDBDDDCACCBDAEBADCBDCDXAAECEDDDECDDCBDDAEDCC;DABCBDDDAEDBECECBBEDEBDEECBCCCBACDCCADEBDECDD;AAEDCACEEECEAACBAEBBEDACDBAADADDEBBEBAAADEACAAADBB;AEBCCXCCCACCDABCCABCABCBAECEDBBDBEEEDBBACCDAC;1;100;40;40;80;20;280;B;B;B;B;2;B;A;B;C;A;A;B;A;A;A;A;A;A;B;A;A;C;A;B;A
200001614273;2020;4;F;1;2;1;1;1;1;;0;;;;;;;;2307304;Juazeiro do Norte;23;CE;1;1;1;1;600;570;579;589;506.4;407.8;523;546.3;EACADBCBEBADDBDEADCEBEDABCDDAEBBDCBADCEDEDCED;ADCBBCECEDAAACDACBAEDBDBACDEBCBEBECCBEDAACADE;ADEDD99999DDCCDBDCEADCBAEBACADDECEADBAEDEEDBCABDEC;BD.ECACAAEECDCACDDDBDECACEABBDABCBBCBBDCAEEAA;0;DCDXDCCAEBADCBAAEACCBCEDDCBDDDAEDDCDECCEDBDDD;BDDBECECBACDBDEEBDEDDAECDDCCADECBCCCBBEDABCDE;AACDEEEECADBBCAAADBADEABEBAAADEBADADAEBDACAACBBECE;BAECDBBXCCCBDBACCDBEEEBCCAABCCACEACCEDBCABCDA;1;120;120;100;120;140;600;H;D;F;A;2;A;A;B;C;A;A;B;A;A;A;A;A;A;B;B;A;C;A;A;A
200006736374;2020;2;F;1;3;1;2;0;2;1;0;;;;;;;;2902609;Baixa Grande;29;BA;1;1;1;1;597;569;580;587;569.6;633.2;561.9;465.7;DDDAEEDBADDCCDECCDAEBEDDECDCABECDDEABCDBDDADC;DECEABEEBEBBAECDDCEDCBACEEADCADDAEDBACEEDCCBB;EADDA99999EECBBDDEBADADBCDEAAEAAADDCDDEBDDBDBCBDAB;CADCCBBDACECBCDBDCDCBDEDACDEBDDCDCDCCBDBCACB.;0;DDBACBDDDECDAEDCCCEDBDDCBDDCAAECEDDACCBAEDCDX;DECCADEBDECBBECDDCBACDBDEEDABCDDAEDBECECBCCBD;DCEAAEEEACAACBBEBEBAAADBBAEBCEDBAADADDEADEBDACCAAA;DABCCAEDBBCCCABCACCBDXCCCBEEEDBBACCDACBAEBAEC;1;120;160;120;120;120;640;D;E;C;B;4;B;A;B;C;A;A;B;A;A;A;A;A;A;B;A;A;B;A;B;B
200002547672;2020;3;F;1;3;1;1;1;1;;0;;;;;;;;1500800;Ananindeua;15;PA;1;1;1;1;598;567;577;588;422.4;468.8;508.3;334;EBEBCCCACCBDEADEEDBECADBCCACEBCBCDDCADEDCDDAD;ACEEBBECADDEACBBACADAACCAEBDAECDBDCACADBBCCAA;AACAA99999AADBAEDEABEDDACCDAEAADEADEBCCAACBCCACABB;DBACCCCDBCABCBDDCCABBEECDCDCCCBACCDBBDCBEECCC;0;CEDBDDDCACCBDAEBADCBDCDXAAECEDDDECDDCBDDAEDCC;DABCBDDDAEDBECECBBEDEBDEECBCCCBACDCCADEBDECDD;AAEDCACEEECEAACBAEBBEDACDBAADADDEBBEBAAADEACAAADBB;AEBCCXCCCACCDABCCABCABCBAECEDBBDBEEEDBBACCDAC;1;120;120;120;120;80;560;E;E;B;B;3;B;A;B;C;A;A;B;A;B;A;A;A;A;B;A;A;C;A;B;A
200004741513;2020;11;F;1;1;1;1;11;1;;0;;;;;;;;4106902;Curitiba;41;PR;0;1;1;0;;688;692;;;550.9;542.6;;;EABCCAECEACCAADBCBCEADDEADEBBCADAEABAADDBDADA;99999EDBBAAEBACCAAADDBDCBEDADCECABADCDCCCCDDDCDDAB;;1;;DABCCAECBABECADBDCCABDBCDDAABDBAEBEBBDBDDBDBE;99999BDCEDAEEABCBABBBBDCEEEADCCBECEACBADBCDDBCAEAA;;1;160;200;180;200;120;860;;;;;;;;;;;;;;;;;;;;;;;;;
200001698547;2020;3;F;1;3;1;2;0;2;1;0;2704302;Macei�;27;AL;2;1;1;2704302;Macei�;27;AL;1;1;1;1;599;568;578;590;599.2;608.5;576.7;624.9;CBDAECCADECCDDDEEBDECEBDDEEABBBDEBBDADCCCAEAB;ABACBCBCEDDADBACDDCABEDBCAADADDADBACCACCDBACE;CEDAA99999ACDACADADAEECABEACABDBCDBCDAACCCDEAAEBBA;CBECADCDDDBCDEDEBACEADAAEEDAACBDCBCAABCEBBBED;0;CBDDDDCAAECEDDCEDBDDAEDECAEDCCDDDCBDCDXBAACCB;BDECBCCDEDDAEBDCDDCBBEDABCCBACDBDEECCADEDBECE;CDEAACAEEEBEBADADAAAAACBAEBDEADACDBBDBACECAAADEBBE;CABCAACCACDABEEEBAECXCCCEEDBACCDBCCABBCCBDDBB;1;120;120;120;140;120;620;H;C;D;B;2;B;A;B;C;A;A;B;A;A;A;B;A;A;B;A;A;C;A;B;B
200005769441;2020;3;F;1;1;1;2;0;2;1;0;3200607;Aracruz;32;ES;4;1;1;3203130;Jo�o Neiva;32;ES;1;1;1;1;597;569;580;587;564.3;613.7;552;688.1;ACDACEBBADDCAEEDCCABBEDCEEABCDACCDDACBDBEDADE;AECCADEBCDAACECDDBEDCDACEBDACADDACDEECECAABBD;99999BCEDCBAAEBDACBADCDBEAAACEDCAEBCCAEBDDBACCCEAA;DAECCADDBACDCEBBACEADECCDEEDCBABACDACDBABBECC;1;DDBACBDDDECDAEDCCCEDBDDCBDDCAAECEDDACCBAEDCDX;DECCADEBDECBBECDDCBACDBDEEDABCDDAEDBECECBCCBD;DCEAAEEEACAACBBEBEBAAADBBAEBCEDBAADADDEADEBDACCAAA;DABCCAEDBBCCCABCACCBDXCCCBEEEDBBACCDACBAEBAEC;1;160;180;200;180;200;920;H;B;F;B;4;B;A;C;D;A;A;B;B;B;A;A;A;A;B;A;A;B;A;B;B
200003131428;2020;11;F;1;1;1;1;11;1;;0;;;;;;;;3163706;S�o Louren�o;31;MG;0;0;0;0;;;;;;;;;;;;;1;;;;;;;;;;;;B;C;B;B;7;C;A;B;E;A;A;B;A;B;A;B;A;A;B;A;A;C;A;B;B
200006136551;2020;7;F;1;1;1;1;4;1;;0;;;;;;;;3550308;S�o Paulo;35;SP;1;1;1;1;598;567;577;588;591.2;680.1;664.1;623.5;DAE*DBDAAEBDCAEDEDCBDAADACACBDACDBDDCBDEBECAC;DABCBDDDAADAEEEEBCEDEADCBCBCEEDACDDCADEBDECDC;AAEEC99999BEAEABAAABEDACDBADDCDDEABEBADADEACADADBB;CBBEBABCEBADDACCBCACAECBDACAADBDCEDEABEDCBDCB;0;CEDBDDDCACCBDAEBADCBDCDXAAECEDDDECDDCBDDAEDCC;DABCBDDDAEDBECECBBEDEBDEECBCCCBACDCCADEBDECDD;AAEDCACEEECEAACBAEBBEDACDBAADADDEBBEBAAADEACAAADBB;AEBCCXCCCACCDABCCABCABCBAECEDBBDBEEEDBBACCDAC;1;160;200;180;200;160;900;H;D;F;B;3;C;A;B;B;A;A;B;A;B;A;B;A;B;B;A;A;D;A;B;B
200002060429;2020;3;F;1;3;1;1;1;1;;0;;;;;;;;3131307;Ipatinga;31;MG;1;1;1;1;600;570;579;589;438.7;452.6;544.3;452.3;DABDCCDDDBECCEDBDCECDEEDDCADCEDAEDCADDEABBCDC;ADDEDCECBCAEACDACBCEDADDBDABACDBABEBBBBCADCEA;99999EBEBADBCEDEADDAEABADBACADEBDCEDCEBAEADBDABADA;BABCADAABEBACCCEBCBEBBCDDCDCBADCBADBDBACBDEBA;1;DCDXDCCAEBADCBAAEACCBCEDDCBDDDAEDDCDECCEDBDDD;BDDBECECBACDBDEEBDEDDAECDDCCADECBCCCBBEDABCDE;AACDEEEECADBBCAAADBADEABEBAAADEBADADAEBDACAACBBECE;BAECDBBXCCCBDBACCDBEEEBCCAABCCACEACCEDBCABCDA;1;120;180;120;120;60;600;C;E;A;A;4;C;A;B;C;B;A;B;B;B;A;B;A;A;B;A;A;B;A;B;B
200003517524;2020;5;F;1;1;1;1;2;1;;0;;;;;;;;3122306;Divin�polis;31;MG;0;0;0;0;;;;;;;;;;;;;1;;;;;;;;;;;;B;E;F;B;3;C;A;B;C;A;A;B;A;A;A;A;A;A;B;A;A;C;A;B;B
200004016202;2020;4;F;1;1;1;1;3;1;;0;;;;;;;;2304400;Fortaleza;23;CE;1;1;1;1;600;570;579;589;643.8;679.2;634.6;622.1;DDBDCCCEEAADADAEEBECBCBDCCADCEAEDACCECEEDBDDD;BBDAECBCBDCDCDAEEDEEDADCDDCCADECBCCEABADBBCDA;99999EEEDADCDCACADAADECAEBAEAAEADDADCEADCBAACDBECE;BDDECCACAECBDACCADCAEECCBEACBEDBEBCDCADCBBBD*;1;DCDXDCCAEBADCBAAEACCBCEDDCBDDDAEDDCDECCEDBDDD;BDDBECECBACDBDEEBDEDDAECDDCCADECBCCCBBEDABCDE;AACDEEEECADBBCAAADBADEABEBAAADEBADADAEBDACAACBBECE;BAECDBBXCCCBDBACCDBEEEBCCAABCCACEACCEDBCABCDA;1;160;200;160;200;180;900;F;D;B;B;3;C;A;D;D;A;A;B;A;B;A;B;A;B;C;A;A;D;A;C;B
200002127749;2020;11;F;1;3;2;1;11;1;;0;;;;;;;;2927408;Salvador;29;BA;0;0;0;0;;;;;;;;;;;;;1;;;;;;;;;;;;A;A;A;A;2;B;A;B;B;A;A;B;A;A;A;A;A;A;B;A;A;B;A;A;B
200006050299;2020;4;M;1;3;1;1;1;1;;0;;;;;;;;2306256;Itaitinga;23;CE;1;1;1;1;597;569;580;587;576;611.4;618.1;604.6;DDCCADDEEBDCBECBCCADADADBEACCBACBDDACBBBCDCCC;DBCAACBBCCBAAACDDCEACDAAAAAABCADAADAEDACACABD;DCDAA99999DBDABDBEDBAADBCCEACADDABDADDEDDDADACCAEA;BACCCAEBACDACEECBDDADDCCBCCDEDBEABCDBCEEBDADE;0;DDBACBDDDECDAEDCCCEDBDDCBDDCAAECEDDACCBAEDCDX;DECCADEBDECBBECDDCBACDBDEEDABCDDAEDBECECBCCBD;DCEAAEEEACAACBBEBEBAAADBBAEBCEDBAADADDEADEBDACCAAA;DABCCAEDBBCCCABCACCBDXCCCBEEEDBBACCDACBAEBAEC;1;160;180;160;160;200;860;F;E;A;A;5;B;A;B;C;A;A;B;A;A;A;A;A;A;B;A;A;C;A;A;A
200003578361;2020;12;F;0;1;1;1;14;1;;0;;;;;;;;3550308;S�o Paulo;35;SP;0;0;0;0;;;;;;;;;;;;;1;;;;;;;;;;;;;;;;;;;;;;;;;;;;;;;;;;;;
200001775496;2020;11;M;1;2;1;1;10;1;;0;;;;;;;;2930709;Sim�es Filho;29;BA;0;0;0;0;;;;;;;;;;;;;1;;;;;;;;;;;;C;A;B;A;1;C;A;B;C;A;A;B;A;B;A;B;A;A;B;A;A;C;A;B;B
200004375438;2020;7;M;1;1;1;1;5;1;;0;;;;;;;;3132404;Itajub�;31;MG;0;0;0;0;;;;;;;;;;;;;0;;;;;;;;;;;;B;B;A;A;3;C;A;B;C;A;B;B;B;A;A;B;A;A;C;A;A;C;A;B;B
200005053055;2020;5;F;1;1;1;1;3;1;;0;;;;;;;;2312908;Sobral;23;CE;1;1;1;1;701;690;694;697;509.4;522.3;602.9;442.9;AAEEBAECDEACCBBCBDCDDDAABCCDEBDCCDEBDEABDCEBA;AEBDEDDEEBAACAAEEBECCBDABCBDEDADADCBAABDEBDDA;99999ACDEBBDEADCACDAAACBCADBAABBEDBDCEECCBAEAAEADC;ADEBABBCCEBECCBBEEEBCBAEEAECDBCCDCEEBADACABEB;1;ABCEBABCDACCDBBCDABDBEEEBECACCCDAEDBCEADDAEBD;DBADDCDEEBCABDAEBBBCDABDCBBAAECBEDCBADBBDBDAC;99999ECDBDBDCADAACDAABEBCABEAACBEDBBBEECCBCBECEEAD;DABDBAABBEABDBCCCECADCBAEBACEXBDECEEADCDBAABE;1;160;120;160;180;60;680;;;;;;;;;;;;;;;;;;;;;;;;;
200005098216;2020;4;F;1;3;1;1;2;1;;0;;;;;;;;5001102;Aquidauana;50;MS;0;0;0;0;;;;;;;;;;;;;1;;;;;;;;;;;;H;E;F;B;4;B;A;B;C;A;A;B;A;B;A;A;A;A;B;A;A;C;A;A;B
200003695926;2020;11;F;1;3;1;1;7;1;;0;;;;;;;;3304557;Rio de Janeiro;33;RJ;0;0;0;0;;;;;;;;;;;;;0;;;;;;;;;;;;;;;;;;;;;;;;;;;;;;;;;;;;
200001182573;2020;3;F;1;1;1;2;0;2;1;0;4214805;Rio do Sul;42;SC;2;1;1;4214805;Rio do Sul;42;SC;1;1;1;1;600;570;579;589;518.2;546;529;515.5;DCDADACDDCACDAADACDBCCCDBBBACBBDEADCBCDAEBDED;BDBEEECCDACDEECBDBDDBAEBEBEBDBDEBCACBBECDCCDE;AACCE99999CDCEDCBDAEDEBDDBAAADEBCAAABEBBCCDBBDBDCA;BDBEBAEBBCDCDDECDDCCDBCCCCDEDCDCEEBBDEADCDCBA;0;DCDXDCCAEBADCBAAEACCBCEDDCBDDDAEDDCDECCEDBDDD;BDDBECECBACDBDEEBDEDDAECDDCCADECBCCCBBEDABCDE;AACDEEEECADBBCAAADBADEABEBAAADEBADADAEBDACAACBBECE;BAECDBBXCCCBDBACCDBEEEBCCAABCCACEACCEDBCABCDA;1;120;40;40;140;40;380;E;E;B;B;3;D;D;B;C;A;A;B;A;A;A;A;A;A;B;A;A;D;A;A;B
200006520825;2020;6;M;1;3;1;1;3;1;;0;;;;;;;;3548906;S�o Carlos;35;SP;1;1;1;1;600;570;579;589;512.8;620.5;559.4;589.8;DACADDEBCEEDBBACEEEADCCCAECCDECCCCCADCEAEEEDD;BADDECECBDCCEAEEDBEEDAEBDBBBEDECACCEBCEBBCADE;AACCD99999DBCCADAABABAEEEBBEEDDBDEEDAEADABCACEBBEC;BDBCCACAAEDEDDCCCDCEDECCDBCBDECCBBCECBACBBDCE;0;DCDXDCCAEBADCBAAEACCBCEDDCBDDDAEDDCDECCEDBDDD;BDDBECECBACDBDEEBDEDDAECDDCCADECBCCCBBEDABCDE;AACDEEEECADBBCAAADBADEABEBAAADEBADADAEBDACAACBBECE;BAECDBBXCCCBDBACCDBEEEBCCAABCCACEACCEDBCABCDA;1;120;120;120;100;80;540;E;E;C;B;3;F;A;B;B;B;A;B;A;B;A;A;A;A;B;A;A;C;A;B;B
200005047775;2020;7;F;1;3;1;1;5;1;;0;;;;;;;;3550308;S�o Paulo;35;SP;1;1;1;1;701;690;694;697;406.1;392;535;402.2;BABEDCDBBBCDBBBDAACCEDDBDDEBAACBEBDBADDDDEDDA;DACBDAABEEDECECDDCDCBBBDACECBDDBCADBABEDDBBBB;99999BCDCCCDEEDCAADAAADDDDEEAECEEBBCBABACCEABDEDAC;CEBBACDAAECCDCDDBCBBADDDEABABDDEECCAEBBCABBDC;1;ABCEBABCDACCDBBCDABDBEEEBECACCCDAEDBCEADDAEBD;DBADDCDEEBCABDAEBBBCDABDCBBAAECBEDCBADBBDBDAC;99999ECDBDBDCADAACDAABEBCABEAACBEDBBBEECCBCBECEEAD;DABDBAABBEABDBCCCECADCBAEBACEXBDECEEADCDBAABE;1;120;40;40;120;40;360;;;;;;;;;;;;;;;;;;;;;;;;;
200005232594;2020;4;F;1;3;1;1;1;1;;0;;;;;;;;2408003;Mossor�;24;RN;1;1;1;1;599;568;578;590;421.2;479.8;556.5;501.1;BDCBCDBDDDDECEAAEBADCADEDAAEAEEDEBCDBEBDEECAD;EBADDDABEEEAAAECDDEACBDBAEEDACABECDEBEADDADCE;CCCAC99999EEBAAADAEADEEBAEEEEBACCDBCDAAABCCCCEEDBD;CCDCADABEEDADDCCBECDCADBDDCDECADBECCBAECDDCAA;0;CBDDDDCAAECEDDCEDBDDAEDECAEDCCDDDCBDCDXBAACCB;BDECBCCDEDDAEBDCDDCBBEDABCCBACDBDEECCADEDBECE;CDEAACAEEEBEBADADAAAAACBAEBDEADACDBBDBACECAAADEBBE;CABCAACCACDABEEEBAECXCCCEEDBACCDBCCABBCCBDDBB;1;120;120;120;120;120;600;F;E;B;B;4;D;A;C;C;B;A;B;A;A;A;B;A;A;C;A;B;D;A;B;B
200006335838;2020;11;M;1;2;1;1;10;1;;0;;;;;;;;2208007;Picos;22;PI;0;0;0;0;;;;;;;;;;;;;0;;;;;;;;;;;;B;D;A;A;3;B;A;B;C;A;B;B;A;A;A;A;A;A;B;A;A;B;A;B;B
200004808408;2020;5;F;1;3;1;1;3;1;;0;;;;;;;;2803500;Lagarto;28;SE;1;1;1;1;599;568;578;590;508.3;494.5;594.1;570.8;CABCDCCAEDCEABDADBCEDCCDCDECAEADCBBDAEDBECCAD;BDDCECECEDABABBCEBBBCBAACAEEDDDACCEEABDCCBDCE;99999DADEBAEBACDDAAABACECECCEDDACDBCDBACAEEABDEBBD;BCBDECAAECDACEABBDAEABEABEBCCCBACCCEEEDCBDDDB;1;CBDDDDCAAECEDDCEDBDDAEDECAEDCCDDDCBDCDXBAACCB;BDECBCCDEDDAEBDCDDCBBEDABCCBACDBDEECCADEDBECE;CDEAACAEEEBEBADADAAAAACBAEBDEADACDBBDBACECAAADEBBE;CABCAACCACDABEEEBAECXCCCEEDBACCDBCCABBCCBDDBB;1;140;160;120;120;160;700;B;B;A;A;3;C;A;B;D;A;A;B;A;A;A;A;A;A;B;A;A;C;A;A;B
200006795307;2020;1;F;1;1;1;2;0;2;1;0;;;;;;;;3300100;Angra dos Reis;33;RJ;1;1;1;1;598;567;577;588;410.3;561.3;556.4;468;EACBAECCCEDDCCDABDDDAEADBDECCCADCDECEDDACCDEC;ECEABDDAADBCDCBCDCECEADCDEECCDEADDABBDECEEBDD;99999ADECEAEEAEBCEBBEADCCAADACDAEBCDBEDADABCECBDBA;DEEDAABACBCAAACDDDABBDBBBAEACCAEBDAABDCDEADCB;1;CEDBDDDCACCBDAEBADCBDCDXAAECEDDDECDDCBDDAEDCC;DABCBDDDAEDBECECBBEDEBDEECBCCCBACDCCADEBDECDD;AAEDCACEEECEAACBAEBBEDACDBAADADDEBBEBAAADEACAAADBB;AEBCCXCCCACCDABCCABCABCBAECEDBBDBEEEDBBACCDAC;1;120;120;120;160;160;680;C;E;C;B;4;B;A;B;C;A;B;B;A;A;A;B;A;A;B;B;A;D;A;B;B
200001331454;2020;4;F;1;2;1;1;2;1;;0;;;;;;;;3544103;Rio Grande da Serra;35;SP;0;0;0;0;;;;;;;;;;;;;0;;;;;;;;;;;;B;E;A;B;3;B;A;B;B;A;A;B;A;A;A;A;A;A;B;A;A;B;A;A;A
200003153512;2020;8;F;1;3;1;1;0;1;;0;;;;;;;;1501402;Bel�m;15;PA;1;1;1;1;597;569;580;587;574.1;642;603.6;594.1;DDBAEECCAEDEBEDBCCAEADDADBDCABACCDECCBDECDCAC;DECEAAEBDAEBCCCDBCBACDCDAEEAAADDAADECEECDCABD;99999BEEACBADABEBEBADADBCCAEABDAAAECDDEBDEBDADCBDB;BACCBBACCBBECEDDDCCEDBACABAECBCCACECAAAEEDACC;1;DDBACBDDDECDAEDCCCEDBDDCBDDCAAECEDDACCBAEDCDX;DECCADEBDECBBECDDCBACDBDEEDABCDDAEDBECECBCCBD;DCEAAEEEACAACBBEBEBAAADBBAEBCEDBAADADDEADEBDACCAAA;DABCCAEDBBCCCABCACCBDXCCCBEEEDBBACCDACBAEBAEC;1;160;180;140;140;180;800;H;D;F;C;4;B;A;B;C;A;A;B;A;A;A;A;A;A;C;A;A;D;A;A;A
200006244967;2020;5;M;1;2;1;1;2;1;;0;;;;;;;;1506138;Reden��o;15;PA;1;1;1;1;599;568;578;590;410.1;622.8;596.6;585.5;BAABBABACACCACCAEEDEADDDABBDCCACCAEAAAACDCEDD;BDACACCDECAAABDCDDCABEABAACEDCDACDBCCEDCDADCE;EEDAA99999DEBBCDDBEAABCBAAEDEAAAADBCDAACABACADEBBE;CADBECCAABAABEEEAACBCAEDABECABCCCCBBCBCEBEBDC;0;CBDDDDCAAECEDDCEDBDDAEDECAEDCCDDDCBDCDXBAACCB;BDECBCCDEDDAEBDCDDCBBEDABCCBACDBDEECCADEDBECE;CDEAACAEEEBEBADADAAAAACBAEBDEADACDBBDBACECAAADEBBE;CABCAACCACDABEEEBAECXCCCEEDBACCDBCCABBCCBDDBB;1;120;160;120;140;120;660;B;A;A;B;3;B;A;B;C;A;B;B;A;A;A;A;A;A;B;A;A;C;A;A;B
200004869933;2020;3;M;1;2;1;2;0;2;1;0;2304400;Fortaleza;23;CE;2;1;1;2304400;Fortaleza;23;CE;1;1;1;1;597;569;580;587;454.4;531.9;572.3;535.6;CDCACBECBDCEAADBCAAEAECDABADCBCBABBBECBADD*BB;ABEABDECDCBADCADDADDBDDCCECBCADDAABEAEEAEDCBD;99999BEEABDBEABCAEBAAADBDAEAACCBAAAADDAABEBDAABABA;ACCCDDCBEBDCCDBDBBCBEDCEBBCDEBBECBCEDCCBEBCBD;1;DDBACBDDDECDAEDCCCEDBDDCBDDCAAECEDDACCBAEDCDX;DECCADEBDECBBECDDCBACDBDEEDABCDDAEDBECECBCCBD;DCEAAEEEACAACBBEBEBAAADBBAEBCEDBAADADDEADEBDACCAAA;DABCCAEDBBCCCABCACCBDXCCCBEEEDBBACCDACBAEBAEC;1;160;120;120;140;200;740;D;D;F;B;3;B;A;B;B;A;A;B;B;A;A;A;A;A;B;B;A;D;A;A;B
200004553863;2020;3;F;1;2;1;1;1;1;;0;;;;;;;;2611606;Recife;26;PE;0;0;0;0;;;;;;;;;;;;;1;;;;;;;;;;;;D;D;B;B;4;B;A;B;D;A;B;B;B;B;A;B;A;A;B;A;A;D;B;A;B
200002881207;2020;2;F;1;2;1;2;0;2;1;0;;;;;;;;2103000;Caxias;21;MA;1;1;1;1;598;567;577;588;430.5;496.5;482.7;624.3;EABDDBEDECCDEBADCDAEDBDACEEDCCBBEDECAEDCDCCEA;ADCABDEEADBABECADCBBEADDBCACCBDDDACACBBBCACAE;99999DBCAAEAECAAEEEECDBDDAACECDDEBADCBEABABECACDBB;EEBCCEBCAAADCBDCBEDCDEBBCDCEDCBDCECEBACCDDEAE;1;CEDBDDDCACCBDAEBADCBDCDXAAECEDDDECDDCBDDAEDCC;DABCBDDDAEDBECECBBEDEBDEECBCCCBACDCCADEBDECDD;AAEDCACEEECEAACBAEBBEDACDBAADADDEBBEBAAADEACAAADBB;AEBCCXCCCACCDABCCABCABCBAECEDBBDBEEEDBBACCDAC;1;120;40;40;140;40;380;H;E;B;D;4;B;A;B;C;A;B;B;A;A;A;A;A;A;B;A;A;C;A;A;A
200003279317;2020;2;F;1;1;1;2;0;2;1;0;4202404;Blumenau;42;SC;2;1;1;4202404;Blumenau;42;SC;0;0;0;0;;;;;;;;;;;;;0;;;;;;;;;;;;E;E;B;B;4;E;A;B;C;B;A;B;B;B;A;B;A;A;C;A;A;D;B;A;B
200005643315;2020;3;F;1;3;1;2;0;2;1;0;;;;;;;;3106200;Belo Horizonte;31;MG;1;1;1;1;599;568;578;590;438.8;427.4;450.5;509.8;ADAACABACEEBABCAEBEABDADEACABBADABCDBECEDCCDE;AEBABCCAEBDCABADCAAAEBBABEBBDEDCBADBDADAAADDA;BBCAC99999CECAEDCEAABCDCDEAEABCDEDBAAACDBCEBAACBEA;CBEBDDAEAEBAEADEBBBEAABACCBEEBADDDEBADEDADCDB;0;CBDDDDCAAECEDDCEDBDDAEDECAEDCCDDDCBDCDXBAACCB;BDECBCCDEDDAEBDCDDCBBEDABCCBACDBDEECCADEDBECE;CDEAACAEEEBEBADADAAAAACBAEBDEADACDBBDBACECAAADEBBE;CABCAACCACDABEEEBAECXCCCEEDBACCDBCCABBCCBDDBB;1;80;120;80;80;80;440;B;B;B;B;5;B;A;B;D;A;A;B;B;A;A;B;A;A;B;B;A;E;B;B;B
200001355133;2020;6;M;1;3;1;1;3;1;;0;;;;;;;;2604106;Caruaru;26;PE;0;0;0;0;;;;;;;;;;;;;0;;;;;;;;;;;;;;;;;;;;;;;;;;;;;;;;;;;;
200002687154;2020;3;F;1;1;1;1;1;1;;0;;;;;;;;2610202;Panelas;26;PE;1;1;1;1;599;568;578;590;573.5;550.4;589.4;415.1;EACDAACAEECEBCCEEDEEAEDEEACDABEDDBBDACEBDACDB;CCBCAEDAEDDACBACDDEAABADCBBCDBDADBCCAADBBCBAC;CDDAA99999CEBAEEDAAADBCEBEEDEBAACDBBDAAACCDEDDDDBC;BCDBEBABEDABCAAEBDACEAECCBDDACAADBCEAACDDCBEC;0;CBDDDDCAAECEDDCEDBDDAEDECAEDCCDDDCBDCDXBAACCB;BDECBCCDEDDAEBDCDDCBBEDABCCBACDBDEECCADEDBECE;CDEAACAEEEBEBADADAAAAACBAEBDEADACDBBDBACECAAADEBBE;CABCAACCACDABEEEBAECXCCCEEDBACCDBCCABBCCBDDBB;1;160;40;40;160;40;440;B;C;A;D;3;A;A;C;C;B;A;B;A;B;A;B;A;B;C;A;A;D;A;B;B
200005078100;2020;5;M;1;3;1;1;0;1;;0;;;;;;;;2304400;Fortaleza;23;CE;1;1;1;1;597;569;580;587;478;496.3;576.4;415.4;DDCEDCDDCCEBBECCBACBBEDAECCCABAEDEABECDCDDBAD;AECBADCEBAAEDBADBAAACDADEBACDBBDBCCDAECDBAEBD;99999ECADDABCBBDADBABADBECAEBBDCADCCDDEBDEADDCCACA;BBDDCEBDCEADBCBADEABCDDACAABBBACDCBEABCDEBDCA;1;DDBACBDDDECDAEDCCCEDBDDCBDDCAAECEDDACCBAEDCDX;DECCADEBDECBBECDDCBACDBDEEDABCDDAEDBECECBCCBD;DCEAAEEEACAACBBEBEBAAADBBAEBCEDBAADADDEADEBDACCAAA;DABCCAEDBBCCCABCACCBDXCCCBEEEDBBACCDACBAEBAEC;1;140;40;40;120;40;380;E;E;C;B;4;F;A;B;B;A;A;B;A;B;A;A;A;A;A;A;A;D;A;B;B
200004613101;2020;2;F;1;3;1;2;0;2;1;0;;;;;;;;2303709;Caucaia;23;CE;1;1;1;1;600;570;579;589;570.8;547.2;521.2;577.6;DCCBCCEAEDCECBCDAACDCCCBACDCABBEBCCAECCEDBEDC;BABEAEEBEDDCADCABCEDDAACDBECBDDEDCBCBBABCAEEE;99999DCECADBCCBCACAAEABAEBBADDDAEDEDCEACBADEDBBACD;BDBCAEBDBAEEDBAEBCAECECDEBADDBBCBBDDBEACBDEAA;1;DCDXDCCAEBADCBAAEACCBCEDDCBDDDAEDDCDECCEDBDDD;BDDBECECBACDBDEEBDEDDAECDDCCADECBCCCBBEDABCDE;AACDEEEECADBBCAAADBADEABEBAAADEBADADAEBDACAACBBECE;BAECDBBXCCCBDBACCDBEEEBCCAABCCACEACCEDBCABCDA;1;160;40;40;120;40;400;E;E;B;D;3;B;A;B;C;A;A;B;A;B;A;B;A;A;B;A;A;D;A;A;B
200004899362;2020;2;F;1;1;1;2;0;2;1;0;4106902;Curitiba;41;PR;2;1;1;4106902;Curitiba;41;PR;0;0;0;0;;;;;;;;;;;;;0;;;;;;;;;;;;B;D;C;B;2;B;A;B;C;A;A;B;A;B;A;B;A;B;B;A;A;C;B;A;B
200004666795;2020;13;F;0;3;1;1;0;1;;0;;;;;;;;3136702;Juiz de Fora;31;MG;0;0;0;0;;;;;;;;;;;;;1;;;;;;;;;;;;B;A;A;A;4;C;A;B;C;A;A;B;A;B;A;B;A;A;B;A;A;C;B;B;B
200001336334;2020;3;M;1;1;1;2;0;2;1;0;2405801;Jo�o C�mara;24;RN;2;1;1;2405801;Jo�o C�mara;24;RN;1;1;1;1;597;569;580;587;547.8;622;534.1;646.4;BDDECBDDBEDECBCCDAADBDDDBEACBDACDCDCEBDBCDADD;DECEADDBBECACEDDDAEACDDCADA*BCDDAADAECBCDACBD;DACDA99999EECEBBBBDBAADDBAABACDAAEEADDEBDEEAECCAEC;DACCDAEACDDDEEEDCCABDBCBDCDBECCBCCAEABBCEBADC;0;DDBACBDDDECDAEDCCCEDBDDCBDDCAAECEDDACCBAEDCDX;DECCADEBDECBBECDDCBACDBDEEDABCDDAEDBECECBCCBD;DCEAAEEEACAACBBEBEBAAADBBAEBCEDBAADADDEADEBDACCAAA;DABCCAEDBBCCCABCACCBDXCCCBEEEDBBACCDACBAEBAEC;1;120;140;140;160;160;720;B;B;A;A;4;D;A;B;D;B;A;B;A;B;A;A;A;A;B;B;A;D;A;A;A
200005179126;2020;7;M;1;2;1;1;4;1;;0;;;;;;;;2910800;Feira de Santana;29;BA;0;0;0;0;;;;;;;;;;;;;0;;;;;;;;;;;;;;;;;;;;;;;;;;;;;;;;;;;;
200006267793;2020;6;F;1;1;1;1;4;1;;0;;;;;;;;3550308;S�o Paulo;35;SP;0;0;0;0;;;;;;;;;;;;;0;;;;;;;;;;;;D;C;C;F;4;A;A;B;B;B;A;B;B;B;A;B;A;A;B;A;A;C;B;B;B
200003506879;2020;6;F;1;2;1;1;5;1;;0;;;;;;;;2611606;Recife;26;PE;0;0;0;0;;;;;;;;;;;;;1;;;;;;;;;;;;;;;;;;;;;;;;;;;;;;;;;;;;
200003928119;2020;13;F;1;2;1;1;10;1;;0;;;;;;;;2927408;Salvador;29;BA;0;0;0;0;;;;;;;;;;;;;1;;;;;;;;;;;;;;;;;;;;;;;;;;;;;;;;;;;;
200005557387;2020;2;F;1;3;1;2;0;2;1;0;;;;;;;;3534302;Orl�ndia;35;SP;0;0;0;0;;;;;;;;;;;;;0;;;;;;;;;;;;E;E;C;B;2;B;A;B;C;A;A;B;A;B;A;A;A;A;B;A;A;C;A;B;B
200003123672;2020;5;M;1;2;1;1;2;1;;0;;;;;;;;2919207;Lauro de Freitas;29;BA;0;0;0;0;;;;;;;;;;;;;1;;;;;;;;;;;;B;B;B;B;5;B;A;B;C;A;A;B;A;A;A;A;A;A;B;A;A;C;A;A;B
200002745469;2020;4;M;1;1;1;1;2;1;;0;;;;;;;;2929107;S�o Felipe;29;BA;1;1;1;1;597;569;580;587;527.9;569.9;529.6;424.4;DDEEABDCBDCECCEBBEAEACDCADCBDCBCDCCACDDEADADB;DECBADCBBDCACACEDCBDDDABEBBDCCDAACDDBBCBCDCBD;ACCAA99999CACEBDAECAAADBDABADBDBDACEDEAEADACBCCDAC;CADDCEABCDBDCBDDCDBCEABABCAEBCADBCDDECCEEDBCB;0;DDBACBDDDECDAEDCCCEDBDDCBDDCAAECEDDACCBAEDCDX;DECCADEBDECBBECDDCBACDBDEEDABCDDAEDBECECBCCBD;DCEAAEEEACAACBBEBEBAAADBBAEBCEDBAADADDEADEBDACCAAA;DABCCAEDBBCCCABCACCBDXCCCBEEEDBBACCDACBAEBAEC;1;120;180;120;160;80;660;B;B;A;A;4;B;A;B;C;A;A;B;A;A;A;A;A;A;B;B;A;B;A;B;B
200005933442;2020;13;F;1;3;1;1;0;1;;0;;;;;;;;1501402;Bel�m;15;PA;0;0;0;0;;;;;;;;;;;;;0;;;;;;;;;;;;A;A;A;A;1;A;B;B;B;A;A;A;A;A;A;A;A;A;A;A;A;B;A;A;A
200006790742;2020;2;F;0;1;1;2;0;2;1;0;3145604;Oliveira;31;MG;2;1;1;3145604;Oliveira;31;MG;1;1;1;1;597;569;580;587;455.2;637.1;617;637.2;ECBEADBDCCEECCCACDAEEEDDABECADACECBDCBDDCDABE;AEBAAAEEDEEBDCCDDEEACDADAEBCBADDAADBDEECACCBD;ACDAA99999AACCBEBCBEDADABAEACEDAAAEADEEADEABCCEAEA;DACCDBBDACBACECCBCEDDBDEBAECEAAEAEDCABCEEBADC;0;DDBACBDDDECDAEDCCCEDBDDCBDDCAAECEDDACCBAEDCDX;DECCADEBDECBBECDDCBACDBDEEDABCDDAEDBECECBCCBD;DCEAAEEEACAACBBEBEBAAADBBAEBCEDBAADADDEADEBDACCAAA;DABCCAEDBBCCCABCACCBDXCCCBEEEDBBACCDACBAEBAEC;1;160;200;160;180;200;900;E;B;C;B;3;C;A;C;C;B;A;B;A;B;B;B;A;A;B;A;A;C;A;B;B
200005172283;2020;8;F;1;3;1;1;5;1;;0;;;;;;;;1505536;Parauapebas;15;PA;1;1;1;1;599;568;578;590;667.3;654.4;602;642.6;CBDDEDCACECCDDDADEDEAECECEECECDDDDBDCBCDAACBB;BDECACADEDDAABDCDDCABEDDAACBDCDAEAAAAABEDEEEE;99999DAEEEADBEDADACACDECCEBDEBBDADBCDDAAEEDCADEBBE;CBECABDDADEADEDEBDCCDBCDBCDDADAEECCDBDBBCDBAE;1;CBDDDDCAAECEDDCEDBDDAEDECAEDCCDDDCBDCDXBAACCB;BDECBCCDEDDAEBDCDDCBBEDABCCBACDBDEECCADEDBECE;CDEAACAEEEBEBADADAAAAACBAEBDEADACDBBDBACECAAADEBBE;CABCAACCACDABEEEBAECXCCCEEDBACCDBCCABBCCBDDBB;1;160;180;180;180;180;880;D;D;C;B;3;B;A;B;B;A;B;B;B;A;A;A;A;A;B;A;A;C;A;B;B
200001764493;2020;5;M;1;2;1;1;3;1;;0;;;;;;;;3550308;S�o Paulo;35;SP;0;0;0;0;;;;;;;;;;;;;0;;;;;;;;;;;;H;E;F;D;4;B;A;B;B;A;A;A;A;A;A;A;A;A;C;A;B;E;A;B;B
200002464249;2020;6;F;1;1;1;1;3;1;;0;;;;;;;;2927408;Salvador;29;BA;0;0;0;0;;;;;;;;;;;;;0;;;;;;;;;;;;E;F;D;D;2;C;A;B;C;A;A;B;A;B;A;B;A;A;C;A;A;C;A;B;B
200004464631;2020;1;F;1;3;1;2;0;2;1;0;2800308;Aracaju;28;SE;2;1;1;2800308;Aracaju;28;SE;1;1;1;1;597;569;580;587;612.7;613.3;637.7;685.9;DDCAEDBDBDCABEECCABBBDDCBDDEAEECDDCBCBBEADCBD;DAACBDEBBECABECDBAEDBDAAECEAACDDAABEEBEDBCCBD;99999EEEACDACABECCBACADBDAEBAEDAAACADEEAAEBDAAEAAA;DACCCCADBDEECAEBACDBDDBECCEAEAABACCEBDEEBBDBC;1;DDBACBDDDECDAEDCCCEDBDDCBDDCAAECEDDACCBAEDCDX;DECCADEBDECBBECDDCBACDBDEEDABCDDAEDBECECBCCBD;DCEAAEEEACAACBBEBEBAAADBBAEBCEDBAADADDEADEBDACCAAA;DABCCAEDBBCCCABCACCBDXCCCBEEEDBBACCDACBAEBAEC;1;160;180;180;200;200;920;F;F;D;D;3;C;A;C;D;A;A;B;B;B;A;B;A;A;C;B;A;D;A;A;B
200001294955;2020;7;M;1;3;1;1;2;1;;0;;;;;;;;1501402;Bel�m;15;PA;1;1;1;1;701;690;694;697;543;574.1;478.2;438.3;AECEBAADADBACBACDDADDDBABEDAEDEBBEEDBDADCCCBD;DCCCDAEEABCADDABEBBBBECDBDBAEADBADBCABBBBBAAD;ADDEA99999AAEADDDAABAABBADAEAABCCECACBBDABDEECCBAA;EACACCBACABDCCBDCEBEDBDDAEEAEBCECECDDBCBBAADC;0;ABCEBABCDACCDBBCDABDBEEEBECACCCDAEDBCEADDAEBD;DBADDCDEEBCABDAEBBBCDABDCBBAAECBEDCBADBBDBDAC;EDCDA99999CBEABBDEEDBBDEEAACCAACCABBECCDCBBEDAAEAB;DABDBAABBEABDBCCCECADCBAEBACEXBDECEEADCDBAABE;1;160;200;140;140;200;840;;;;;;;;;;;;;;;;;;;;;;;;;
200004033496;2020;7;F;1;1;1;1;4;1;;0;;;;;;;;2611101;Petrolina;26;PE;0;0;0;0;;;;;;;;;;;;;0;;;;;;;;;;;;E;D;F;B;2;B;A;B;C;A;A;B;B;A;A;A;A;A;B;A;A;B;A;A;A
200006118865;2020;4;M;1;3;1;1;1;1;;0;;;;;;;;2600054;Abreu e Lima;26;PE;1;1;1;1;599;568;578;590;534.7;443.2;500.2;558.7;EEDAACCCDECBDDDACBBDBADDCBADEDDDDDAACDCEDEEBD;ECAEADCBDEAADBECDCBABEABCEAEDCEABCEBBCEDCADCD;99999CDEDBACBDADDAEDBECEECBEABCADDBCDBAAAECEBDAABE;CDBBDBBACEEAAEDEBDBECAEBEEECCDBEDDBEBDBCEDCBC;1;CBDDDDCAAECEDDCEDBDDAEDECAEDCCDDDCBDCDXBAACCB;BDECBCCDEDDAEBDCDDCBBEDABCCBACDBDEECCADEDBECE;CDEAACAEEEBEBADADAAAAACBAEBDEADACDBBDBACECAAADEBBE;CABCAACCACDABEEEBAECXCCCEEDBACCDBCCABBCCBDDBB;1;120;120;120;120;100;580;B;E;B;B;3;B;A;B;C;A;A;B;A;A;A;A;A;A;B;A;A;C;A;A;B
200002986591;2020;12;M;1;1;1;1;14;1;;0;;;;;;;;2914802;Itabuna;29;BA;0;0;0;0;;;;;;;;;;;;;1;;;;;;;;;;;;E;E;B;B;2;B;A;B;C;A;A;B;A;B;A;A;A;A;B;A;A;C;A;B;B
200004508220;2020;9;F;1;1;1;1;5;1;;0;;;;;;;;3171204;Vespasiano;31;MG;1;1;1;1;599;568;578;590;417.5;351.2;402;355.2;ACCEBACDBEDAEBCDEADCCADECBBAEBDCCADBEADEABCAC;BAEBDADECBDDBACDABCEBADBCECEABABBEADCDDECBAED;99999ECADBACAD.EBBCAEEBCDCBDAEACBDBBBABDDCAECBAECD;AAECABDDECDBEDABABDDCADBEBAEEDDBADBEAEBDCCBAC;1;CBDDDDCAAECEDDCEDBDDAEDECAEDCCDDDCBDCDXBAACCB;BDECBCCDEDDAEBDCDDCBBEDABCCBACDBDEECCADEDBECE;CDEAACAEEEBEBADADAAAAACBAEBDEADACDBBDBACECAAADEBBE;CABCAACCACDABEEEBAECXCCCEEDBACCDBCCABBCCBDDBB;1;100;60;60;80;40;340;B;E;A;B;2;A;A;B;B;A;A;B;A;A;A;A;A;A;B;A;A;B;A;A;A
200003702116;2020;4;F;1;4;1;1;1;1;;0;;;;;;;;2704302;Macei�;27;AL;1;1;1;1;599;568;578;590;447.8;611.3;568.8;454.2;ADCCDCCEDCECABCAEBDECCDDEDCCDBEDBAADCECBABCEC;EBEADCCCEDAABBBEDDCACAEDBAADACDEDEBCEADDDEECB;99999DCAEBDEBAEADBAADECEDEACEDDEEDCEDAAEACEAAAEBBE;EDDEDBABAECACADBAACCDBCEBBEDCEBDCCDCDACCDABBD;1;CBDDDDCAAECEDDCEDBDDAEDECAEDCCDDDCBDCDXBAACCB;BDECBCCDEDDAEBDCDDCBBEDABCCBACDBDEECCADEDBECE;CDEAACAEEEBEBADADAAAAACBAEBDEADACDBBDBACECAAADEBBE;CABCAACCACDABEEEBAECXCCCEEDBACCDBCCABBCCBDDBB;1;120;180;120;120;160;700;B;E;C;F;6;G;A;B;D;A;A;B;A;A;A;A;A;A;B;A;A;E;A;A;B
200001863427;2020;9;M;2;1;1;1;0;1;;0;;;;;;;;3550308;S�o Paulo;35;SP;0;0;0;0;;;;;;;;;;;;;1;;;;;;;;;;;;;;;;;;;;;;;;;;;;;;;;;;;;
200004790061;2020;12;F;1;2;1;1;13;1;;0;;;;;;;;3304805;S�o Fid�lis;33;RJ;1;1;1;1;597;569;580;587;581.2;422.6;391.8;443.1;DADACCEECBCEAEBCACADBDAADDDCCABCDDBACECAADBEC;CECEBAADCDACDACDCEBCBCEAADBCADBBCCAEBBEAACCBB;99999CEDABDDDABDDAEBAECBDBEB.CACEBEAAADCEABBBDDDCE;AAABBBBDDDBBEECCCCAAEBBDDDAACBBBDECCAAABBCCDD;1;DDBACBDDDECDAEDCCCEDBDDCBDDCAAECEDDACCBAEDCDX;DECCADEBDECBBECDDCBACDBDEEDABCDDAEDBECECBCCBD;DCEAAEEEACAACBBEBEBAAADBBAEBCEDBAADADDEADEBDACCAAA;DABCCAEDBBCCCABCACCBDXCCCBEEEDBBACCDACBAEBAEC;1;120;120;120;140;100;600;H;D;F;B;5;B;A;B;C;A;A;B;A;A;A;A;A;A;B;A;A;B;A;A;A
200005093810;2020;15;F;1;1;1;1;0;1;;0;;;;;;;;3156700;Sabar�;31;MG;1;1;1;1;597;569;580;587;534.2;632.6;577.3;555.5;CDAECECCEEDDCEBECEEACDCBBADBADECEADABADDCDAEA;DECAACAEAEBBBECDBCBDCDCAAECDACDDAADAEEBCACBBD;99999BEBADCBCBBEADBDAEDBAAAECEDAACEEDDECCDADECCCBA;DABCBECBDCBACCBDBCBBECECCCDBEBACCEEDCBADBCDBE;1;DDBACBDDDECDAEDCCCEDBDDCBDDCAAECEDDACCBAEDCDX;DECCADEBDECBBECDDCBACDBDEEDABCDDAEDBECECBCCBD;DCEAAEEEACAACBBEBEBAAADBBAEBCEDBAADADDEADEBDACCAAA;DABCCAEDBBCCCABCACCBDXCCCBEEEDBBACCDACBAEBAEC;1;120;80;60;100;0;360;B;B;C;A;2;B;A;C;C;A;A;B;A;B;A;A;A;A;B;A;A;C;A;B;B